adc_data,i_data,q_data
0x47474553,1140,1109,
0x52205245,1314,1316,
0x5454,0,1349,
0x0,0,0,
0x1,0,0,
0x1,0,0,
0xff039bc,255,923,
0xffc734c,255,1844,
0xc00,0,192,
0x16,0,1,
0x0,0,0,
0x2,0,0,
0xff039bc,255,923,
0xffc7f4c,255,2036,
0x10,0,1,
0x0,0,0,
0x0,0,0,
0x2,0,0,
0x0,0,0,
0x0,0,0,
0x0,0,0,
0x0,0,0,
0x0,0,0,
0x0,0,0,
0x0,0,0,
0x0,0,0,
0x0,0,0,
0x0,0,0,
0x0,0,0,
0x0,0,0,
0x0,0,0,
0x0,0,0,
0x0,0,0,
0x0,0,0,
0x0,0,0,
0x0,0,0,
0x0,0,0,
0x0,0,0,
0x0,0,0,
0x0,0,0,
0x0,0,0,
0x0,0,0,
0x0,0,0,
0x0,0,0,
0x0,0,0,
0x0,0,0,
0x0,0,0,
0x0,0,0,
0x0,0,0,
0x0,0,0,
0x0,0,0,
0x0,0,0,
0x0,0,0,
0x0,0,0,
0x0,0,0,
0x0,0,0,
0x0,0,0,
0x0,0,0,
0x0,0,0,
0x0,0,0,
0x0,0,0,
0x0,0,0,
0x0,0,0,
0x0,0,0,
0x0,0,0,
0x0,0,0,
0x0,0,0,
0x0,0,0,
0x0,0,0,
0x0,0,0,
0x0,0,0,
0x0,0,0,
0x0,0,0,
0x0,0,0,
0x0,0,0,
0x0,0,0,
0x0,0,0,
0x0,0,0,
0x0,0,0,
0x0,0,0,
0x0,0,0,
0x0,0,0,
0x0,0,0,
0x0,0,0,
0x0,0,0,
0x0,0,0,
0x0,0,0,
0x0,0,0,
0x0,0,0,
0x0,0,0,
0x0,0,0,
0x0,0,0,
0x0,0,0,
0x0,0,0,
0x0,0,0,
0x0,0,0,
0x0,0,0,
0x0,0,0,
0x0,0,0,
0x0,0,0,
0x0,0,0,
0x0,0,0,
0x0,0,0,
0x0,0,0,
0x0,0,0,
0x0,0,0,
0x0,0,0,
0x0,0,0,
0x0,0,0,
0x0,0,0,
0x0,0,0,
0x0,0,0,
0x0,0,0,
0x0,0,0,
0x0,0,0,
0x0,0,0,
0x0,0,0,
0x0,0,0,
0x0,0,0,
0x0,0,0,
0x0,0,0,
0x0,0,0,
0x0,0,0,
0x0,0,0,
0x0,0,0,
0x0,0,0,
0x0,0,0,
0x0,0,0,
0x0,0,0,
0x0,0,0,
0x0,0,0,
0x0,0,0,
0x0,0,0,
0x0,0,0,
0x0,0,0,
0x0,0,0,
0x0,0,0,
0x0,0,0,
0x0,0,0,
0x0,0,0,
0x0,0,0,
0x0,0,0,
0x0,0,0,
0x0,0,0,
0x0,0,0,
0x0,0,0,
0x0,0,0,
0x0,0,0,
0x0,0,0,
0x0,0,0,
0x0,0,0,
0x0,0,0,
0x0,0,0,
0x0,0,0,
0x0,0,0,
0x0,0,0,
0x0,0,0,
0x0,0,0,
0x0,0,0,
0x0,0,0,
0x0,0,0,
0x0,0,0,
0x0,0,0,
0x0,0,0,
0x0,0,0,
0x0,0,0,
0x0,0,0,
0x0,0,0,
0x0,0,0,
0x0,0,0,
0x0,0,0,
0x0,0,0,
0x0,0,0,
0x0,0,0,
0x0,0,0,
0x0,0,0,
0x0,0,0,
0x0,0,0,
0x0,0,0,
0x0,0,0,
0x0,0,0,
0x0,0,0,
0x0,0,0,
0x0,0,0,
0x0,0,0,
0x0,0,0,
0x0,0,0,
0x0,0,0,
0x0,0,0,
0x0,0,0,
0x0,0,0,
0x0,0,0,
0x0,0,0,
0x0,0,0,
0x0,0,0,
0x0,0,0,
0x0,0,0,
0x0,0,0,
0x0,0,0,
0x0,0,0,
0x0,0,0,
0x0,0,0,
0x0,0,0,
0x0,0,0,
0x0,0,0,
0x0,0,0,
0x0,0,0,
0x0,0,0,
0x0,0,0,
0x0,0,0,
0x0,0,0,
0x0,0,0,
0x0,0,0,
0x0,0,0,
0x0,0,0,
0x0,0,0,
0x0,0,0,
0x0,0,0,
0x0,0,0,
0x0,0,0,
0x0,0,0,
0x0,0,0,
0x0,0,0,
0x0,0,0,
0x0,0,0,
0x0,0,0,
0x0,0,0,
0x0,0,0,
0x0,0,0,
0x0,0,0,
0x0,0,0,
0x0,0,0,
0x0,0,0,
0x0,0,0,
0x0,0,0,
0x0,0,0,
0x0,0,0,
0x0,0,0,
0x0,0,0,
0x0,0,0,
0x0,0,0,
0x0,0,0,
0x0,0,0,
0x0,0,0,
0x0,0,0,
0x0,0,0,
0x0,0,0,
0x0,0,0,
0x0,0,0,
0x0,0,0,
0x0,0,0,
0x0,0,0,
0x0,0,0,
0x0,0,0,
0x0,0,0,
0x0,0,0,
0x0,0,0,
0x0,0,0,
0x0,0,0,
0x0,0,0,
0x0,0,0,
0x0,0,0,
0x0,0,0,
0x0,0,0,
0x0,0,0,
0x0,0,0,
0x0,0,0,
0x0,0,0,
0x0,0,0,
0x0,0,0,
0x0,0,0,
0x0,0,0,
0x0,0,0,
0x0,0,0,
0x0,0,0,
0x0,0,0,
0x0,0,0,
0x0,0,0,
0x0,0,0,
0x0,0,0,
0x0,0,0,
0x0,0,0,
0x0,0,0,
0x0,0,0,
0x0,0,0,
0x0,0,0,
0x0,0,0,
0x0,0,0,
0x0,0,0,
0x0,0,0,
0x0,0,0,
0x0,0,0,
0x0,0,0,
0x0,0,0,
0x0,0,0,
0x0,0,0,
0x0,0,0,
0x0,0,0,
0x0,0,0,
0x0,0,0,
0x0,0,0,
0x0,0,0,
0x0,0,0,
0x0,0,0,
0x0,0,0,
0x0,0,0,
0x0,0,0,
0x0,0,0,
0x0,0,0,
0x0,0,0,
0x0,0,0,
0x0,0,0,
0x0,0,0,
0x0,0,0,
0x0,0,0,
0x0,0,0,
0x0,0,0,
0x0,0,0,
0x0,0,0,
0x0,0,0,
0x0,0,0,
0x0,0,0,
0x0,0,0,
0x0,0,0,
0x0,0,0,
0x0,0,0,
0x0,0,0,
0x0,0,0,
0x0,0,0,
0x0,0,0,
0x0,0,0,
0x0,0,0,
0x0,0,0,
0x0,0,0,
0x0,0,0,
0x0,0,0,
0x0,0,0,
0x0,0,0,
0x0,0,0,
0x0,0,0,
0x0,0,0,
0x0,0,0,
0x0,0,0,
0x0,0,0,
0x0,0,0,
0x0,0,0,
0x0,0,0,
0x0,0,0,
0x0,0,0,
0x0,0,0,
0x0,0,0,
0x0,0,0,
0x0,0,0,
0x0,0,0,
0x0,0,0,
0x0,0,0,
0x0,0,0,
0x0,0,0,
0x0,0,0,
0x0,0,0,
0x0,0,0,
0x0,0,0,
0x0,0,0,
0x0,0,0,
0x0,0,0,
0x0,0,0,
0x0,0,0,
0x0,0,0,
0x0,0,0,
0x0,0,0,
0x0,0,0,
0x0,0,0,
0x0,0,0,
0x0,0,0,
0x0,0,0,
0x0,0,0,
0x0,0,0,
0x0,0,0,
0x0,0,0,
0x0,0,0,
0x0,0,0,
0x0,0,0,
0x0,0,0,
0x0,0,0,
0x0,0,0,
0x0,0,0,
0x0,0,0,
0x0,0,0,
0x0,0,0,
0x0,0,0,
0x0,0,0,
0x0,0,0,
0x0,0,0,
0x0,0,0,
0x0,0,0,
0x0,0,0,
0x0,0,0,
0x0,0,0,
0x0,0,0,
0x0,0,0,
0x0,0,0,
0x0,0,0,
0x0,0,0,
0x0,0,0,
0x0,0,0,
0x0,0,0,
0x0,0,0,
0x0,0,0,
0x0,0,0,
0x0,0,0,
0x0,0,0,
0x0,0,0,
0x0,0,0,
0x0,0,0,
0x0,0,0,
0x0,0,0,
0x0,0,0,
0x0,0,0,
0x0,0,0,
0x0,0,0,
0x0,0,0,
0x0,0,0,
0x0,0,0,
0x0,0,0,
0x0,0,0,
0x0,0,0,
0x0,0,0,
0x0,0,0,
0x0,0,0,
0x0,0,0,
0x0,0,0,
0x0,0,0,
0x0,0,0,
0x0,0,0,
0x0,0,0,
0x0,0,0,
0x0,0,0,
0x0,0,0,
0x0,0,0,
0x0,0,0,
0x0,0,0,
0x0,0,0,
0x0,0,0,
0x0,0,0,
0x0,0,0,
0x0,0,0,
0x0,0,0,
0x0,0,0,
0x0,0,0,
0x0,0,0,
0x0,0,0,
0x0,0,0,
0x0,0,0,
0x0,0,0,
0x0,0,0,
0x0,0,0,
0x0,0,0,
0x0,0,0,
0x0,0,0,
0x0,0,0,
0x0,0,0,
0x0,0,0,
0x0,0,0,
0x0,0,0,
0x0,0,0,
0x0,0,0,
0x0,0,0,
0x0,0,0,
0x0,0,0,
0x0,0,0,
0x0,0,0,
0x0,0,0,
0x0,0,0,
0x0,0,0,
0x0,0,0,
0x0,0,0,
0x0,0,0,
0x0,0,0,
0x0,0,0,
0x0,0,0,
0x0,0,0,
0x0,0,0,
0x0,0,0,
0x0,0,0,
0x0,0,0,
0x0,0,0,
0x0,0,0,
0x0,0,0,
0x0,0,0,
0x0,0,0,
0x0,0,0,
0x0,0,0,
0x0,0,0,
0x0,0,0,
0x0,0,0,
0x0,0,0,
0x0,0,0,
0x0,0,0,
0x0,0,0,
0x0,0,0,
0x0,0,0,
0x0,0,0,
0x0,0,0,
0x0,0,0,
0x0,0,0,
0x0,0,0,
0x0,0,0,
0x0,0,0,
0x0,0,0,
0x0,0,0,
0x0,0,0,
0x0,0,0,
0x0,0,0,
0x0,0,0,
0x0,0,0,
0x0,0,0,
0x0,0,0,
0x0,0,0,
0x0,0,0,
0x0,0,0,
0x0,0,0,
0x0,0,0,
0x0,0,0,
0x0,0,0,
0x0,0,0,
0x0,0,0,
0x0,0,0,
0x0,0,0,
0x0,0,0,
0x0,0,0,
0x0,0,0,
0x0,0,0,
0x0,0,0,
0x0,0,0,
0x0,0,0,
0x0,0,0,
0x0,0,0,
0x0,0,0,
0x0,0,0,
0x0,0,0,
0x0,0,0,
0x0,0,0,
0x0,0,0,
0x0,0,0,
0x0,0,0,
0x0,0,0,
0x0,0,0,
0x0,0,0,
0x0,0,0,
0x0,0,0,
0x0,0,0,
0x0,0,0,
0x0,0,0,
0x0,0,0,
0x0,0,0,
0x0,0,0,
0x0,0,0,
0x0,0,0,
0x0,0,0,
0x0,0,0,
0x0,0,0,
0x0,0,0,
0x0,0,0,
0x0,0,0,
0x0,0,0,
0x0,0,0,
0x0,0,0,
0x0,0,0,
0x0,0,0,
0x0,0,0,
0x0,0,0,
0x0,0,0,
0x0,0,0,
0x0,0,0,
0x0,0,0,
0x0,0,0,
0x0,0,0,
0x0,0,0,
0x0,0,0,
0x0,0,0,
0x0,0,0,
0x0,0,0,
0x0,0,0,
0x0,0,0,
0x0,0,0,
0x0,0,0,
0x0,0,0,
0x0,0,0,
0x0,0,0,
0x0,0,0,
0x0,0,0,
0x0,0,0,
0x0,0,0,
0x0,0,0,
0x0,0,0,
0x0,0,0,
0x0,0,0,
0x0,0,0,
0x0,0,0,
0x0,0,0,
0x0,0,0,
0x0,0,0,
0x0,0,0,
0x0,0,0,
0x0,0,0,
0x0,0,0,
0x0,0,0,
0x0,0,0,
0x0,0,0,
0x0,0,0,
0x0,0,0,
0x0,0,0,
0x0,0,0,
0x0,0,0,
0x0,0,0,
0x0,0,0,
0x0,0,0,
0x0,0,0,
0x0,0,0,
0x0,0,0,
0x0,0,0,
0x0,0,0,
0x0,0,0,
0x0,0,0,
0x0,0,0,
0x0,0,0,
0x0,0,0,
0x0,0,0,
0x0,0,0,
0x0,0,0,
0x0,0,0,
0x0,0,0,
0x0,0,0,
0x0,0,0,
0x0,0,0,
0x0,0,0,
0x0,0,0,
0x0,0,0,
0x0,0,0,
0x0,0,0,
0x0,0,0,
0x0,0,0,
0x0,0,0,
0x0,0,0,
0x0,0,0,
0x0,0,0,
0x0,0,0,
0x0,0,0,
0x0,0,0,
0x0,0,0,
0x0,0,0,
0x0,0,0,
0x0,0,0,
0x0,0,0,
0x0,0,0,
0x0,0,0,
0x0,0,0,
0x0,0,0,
0x0,0,0,
0x0,0,0,
0x0,0,0,
0x0,0,0,
0x0,0,0,
0x0,0,0,
0x0,0,0,
0x0,0,0,
0x0,0,0,
0x0,0,0,
0x0,0,0,
0x0,0,0,
0x0,0,0,
0x0,0,0,
0x0,0,0,
0x0,0,0,
0x0,0,0,
0x0,0,0,
0x0,0,0,
0x0,0,0,
0x0,0,0,
0x0,0,0,
0x0,0,0,
0x0,0,0,
0x0,0,0,
0x0,0,0,
0x0,0,0,
0x0,0,0,
0x0,0,0,
0x0,0,0,
0x0,0,0,
0x0,0,0,
0x0,0,0,
0x0,0,0,
0x0,0,0,
0x0,0,0,
0x0,0,0,
0x0,0,0,
0x0,0,0,
0x0,0,0,
0x0,0,0,
0x0,0,0,
0x0,0,0,
0x0,0,0,
0x0,0,0,
0x0,0,0,
0x0,0,0,
0x0,0,0,
0x0,0,0,
0x0,0,0,
0x0,0,0,
0x0,0,0,
0x0,0,0,
0x0,0,0,
0x0,0,0,
0x0,0,0,
0x0,0,0,
0x0,0,0,
0x0,0,0,
0x0,0,0,
0x0,0,0,
0x0,0,0,
0x0,0,0,
0x0,0,0,
0x0,0,0,
0x0,0,0,
0x0,0,0,
0x0,0,0,
0x0,0,0,
0x0,0,0,
0x0,0,0,
0x0,0,0,
0x0,0,0,
0x0,0,0,
0x0,0,0,
0x0,0,0,
0x0,0,0,
0x0,0,0,
0x0,0,0,
0x0,0,0,
0x0,0,0,
0x0,0,0,
0x0,0,0,
0x0,0,0,
0x0,0,0,
0x0,0,0,
0x0,0,0,
0x0,0,0,
0x0,0,0,
0x0,0,0,
0x0,0,0,
0x0,0,0,
0x0,0,0,
0x0,0,0,
0x0,0,0,
0x0,0,0,
0x0,0,0,
0x0,0,0,
0x0,0,0,
0x0,0,0,
0x0,0,0,
0x0,0,0,
0x0,0,0,
0x0,0,0,
0x0,0,0,
0x0,0,0,
0x0,0,0,
0x0,0,0,
0x0,0,0,
0x0,0,0,
0x0,0,0,
0x0,0,0,
0x0,0,0,
0x0,0,0,
0x0,0,0,
0x0,0,0,
0x0,0,0,
0x0,0,0,
0x0,0,0,
0x0,0,0,
0x0,0,0,
0x0,0,0,
0x0,0,0,
0x0,0,0,
0x0,0,0,
0x0,0,0,
0x0,0,0,
0x0,0,0,
0x0,0,0,
0x0,0,0,
0x0,0,0,
0x0,0,0,
0x0,0,0,
0x0,0,0,
0x0,0,0,
0x0,0,0,
0x0,0,0,
0x0,0,0,
0x0,0,0,
0x0,0,0,
0x0,0,0,
0x0,0,0,
0x0,0,0,
0x0,0,0,
0x0,0,0,
0x0,0,0,
0x0,0,0,
0x0,0,0,
0x0,0,0,
0x0,0,0,
0x0,0,0,
0x0,0,0,
0x0,0,0,
0x0,0,0,
0x0,0,0,
0x0,0,0,
0x0,0,0,
0x0,0,0,
0x0,0,0,
0x0,0,0,
0x0,0,0,
0x0,0,0,
0x0,0,0,
0x0,0,0,
0x0,0,0,
0x0,0,0,
0x0,0,0,
0x0,0,0,
0x0,0,0,
0x0,0,0,
0x0,0,0,
0x0,0,0,
0x0,0,0,
0x0,0,0,
0x0,0,0,
0x0,0,0,
0x0,0,0,
0x0,0,0,
0x0,0,0,
0x0,0,0,
0x0,0,0,
0x0,0,0,
0x0,0,0,
0x0,0,0,
0x0,0,0,
0x0,0,0,
0x0,0,0,
0x0,0,0,
0x0,0,0,
0x0,0,0,
0x0,0,0,
0x0,0,0,
0x0,0,0,
0x0,0,0,
0x0,0,0,
0x0,0,0,
0x0,0,0,
0x0,0,0,
0x0,0,0,
0x0,0,0,
0x0,0,0,
0x0,0,0,
0x0,0,0,
0x0,0,0,
0x0,0,0,
0x0,0,0,
0x0,0,0,
0x0,0,0,
0x0,0,0,
0x0,0,0,
0x0,0,0,
0x0,0,0,
0x0,0,0,
0x0,0,0,
0x0,0,0,
0x0,0,0,
0x0,0,0,
0x0,0,0,
0x0,0,0,
0x0,0,0,
0x0,0,0,
0x0,0,0,
0x0,0,0,
0x0,0,0,
0x0,0,0,
0x0,0,0,
0x0,0,0,
0x0,0,0,
0x0,0,0,
0x0,0,0,
0x0,0,0,
0x0,0,0,
0x0,0,0,
0x0,0,0,
0x0,0,0,
0x0,0,0,
0x0,0,0,
0x0,0,0,
0x0,0,0,
0x0,0,0,
0x0,0,0,
0x0,0,0,
0x0,0,0,
0x0,0,0,
0x0,0,0,
0x0,0,0,
0x0,0,0,
0x0,0,0,
0x0,0,0,
0x0,0,0,
0x0,0,0,
0x0,0,0,
0x0,0,0,
0x0,0,0,
0x0,0,0,
0x0,0,0,
0x0,0,0,
0x0,0,0,
0x0,0,0,
0x0,0,0,
0x0,0,0,
0x0,0,0,
0x0,0,0,
0x0,0,0,
0x0,0,0,
0x0,0,0,
0x0,0,0,
0x0,0,0,
0x0,0,0,
0x0,0,0,
0x0,0,0,
0x0,0,0,
0x0,0,0,
0x0,0,0,
0x0,0,0,
0x0,0,0,
0x0,0,0,
0x0,0,0,
0x0,0,0,
0x0,0,0,
0x0,0,0,
0x0,0,0,
0x0,0,0,
0x0,0,0,
0x0,0,0,
0x0,0,0,
0x0,0,0,
0x0,0,0,
0x0,0,0,
0x0,0,0,
0x0,0,0,
0x0,0,0,
0x0,0,0,
0x0,0,0,
0x0,0,0,
0x0,0,0,
0x0,0,0,
0x0,0,0,
0x0,0,0,
0x0,0,0,
0x0,0,0,
0x0,0,0,
0x0,0,0,
0x0,0,0,
0x0,0,0,
0x0,0,0,
0x0,0,0,
0x0,0,0,
0x0,0,0,
0x0,0,0,
0x0,0,0,
0x0,0,0,
0x0,0,0,
0x0,0,0,
0x0,0,0,
0x0,0,0,
0x0,0,0,
0x0,0,0,
0x0,0,0,
0x0,0,0,
0x0,0,0,
0x0,0,0,
0x0,0,0,
0x0,0,0,
0x0,0,0,
0x0,0,0,
0x0,0,0,
0x0,0,0,
0x0,0,0,
0x0,0,0,
0x0,0,0,
0x0,0,0,
0x0,0,0,
0x0,0,0,
0x0,0,0,
0x0,0,0,
0x0,0,0,
0x0,0,0,
0x0,0,0,
0x0,0,0,
0x0,0,0,
0x0,0,0,
0x0,0,0,
0x0,0,0,
0x0,0,0,
0x0,0,0,
0x0,0,0,
0x0,0,0,
0x0,0,0,
0x0,0,0,
0x0,0,0,
0x0,0,0,
0x0,0,0,
0x0,0,0,
0x0,0,0,
0x0,0,0,
0x0,0,0,
0x0,0,0,
0x0,0,0,
0x0,0,0,
0x0,0,0,
0x0,0,0,
0x0,0,0,
0x0,0,0,
0x0,0,0,
0x0,0,0,
0x0,0,0,
0x0,0,0,
0x0,0,0,
0x0,0,0,
0x0,0,0,
0x0,0,0,
0x0,0,0,
0x0,0,0,
0x0,0,0,
0x0,0,0,
0x0,0,0,
0x0,0,0,
0x0,0,0,
0x0,0,0,
0x0,0,0,
0x0,0,0,
0x0,0,0,
0x0,0,0,
0x0,0,0,
0x0,0,0,
0x0,0,0,
0x0,0,0,
0x0,0,0,
0x0,0,0,
0x0,0,0,
0x0,0,0,
0x0,0,0,
0x0,0,0,
0x0,0,0,
0x0,0,0,
0x0,0,0,
0x0,0,0,
0x0,0,0,
0x0,0,0,
0x0,0,0,
0x0,0,0,
0x0,0,0,
0x0,0,0,
0x0,0,0,
0x0,0,0,
0x0,0,0,
0x0,0,0,
0x0,0,0,
0x0,0,0,
0x0,0,0,
0x0,0,0,
0x0,0,0,
0x0,0,0,
0x0,0,0,
0x0,0,0,
0x0,0,0,
0x0,0,0,
0x0,0,0,
0x0,0,0,
0x0,0,0,
0x0,0,0,
0x0,0,0,
0x0,0,0,
0x0,0,0,
0x0,0,0,
0x0,0,0,
0x0,0,0,
0x0,0,0,
0x0,0,0,
0x0,0,0,
0x0,0,0,
0x0,0,0,
0x0,0,0,
0x0,0,0,
0x0,0,0,
0x0,0,0,
0x0,0,0,
0x0,0,0,
0x0,0,0,
0x0,0,0,
0x0,0,0,
0x0,0,0,
0x0,0,0,
0x0,0,0,
0x0,0,0,
0x0,0,0,
0x0,0,0,
0x0,0,0,
0x0,0,0,
0x0,0,0,
0x0,0,0,
0x0,0,0,
0x0,0,0,
0x0,0,0,
0x0,0,0,
0x0,0,0,
0x0,0,0,
0x0,0,0,
0x0,0,0,
0x0,0,0,
0x0,0,0,
0x0,0,0,
0x0,0,0,
0x0,0,0,
0x0,0,0,
0x0,0,0,
0x0,0,0,
0x0,0,0,
0x0,0,0,
0x0,0,0,
0x0,0,0,
0x0,0,0,
0x0,0,0,
0x0,0,0,
0x0,0,0,
0x0,0,0,
0x0,0,0,
0x0,0,0,
0x0,0,0,
0x0,0,0,
0x0,0,0,
0x0,0,0,
0x0,0,0,
0x0,0,0,
0x0,0,0,
0x0,0,0,
0x0,0,0,
0x0,0,0,
0x0,0,0,
0x0,0,0,
0x0,0,0,
0x0,0,0,
0x0,0,0,
0x0,0,0,
0x0,0,0,
0x0,0,0,
0x0,0,0,
0x0,0,0,
0x0,0,0,
0x0,0,0,
0x0,0,0,
0x0,0,0,
0x0,0,0,
0x0,0,0,
0x0,0,0,
0x0,0,0,
0x0,0,0,
0x0,0,0,
0x0,0,0,
0x0,0,0,
0x0,0,0,
0x0,0,0,
0x0,0,0,
0x0,0,0,
0x0,0,0,
0x0,0,0,
0x0,0,0,
0x0,0,0,
0x0,0,0,
0x0,0,0,
0x0,0,0,
0x0,0,0,
0x0,0,0,
0x0,0,0,
0x0,0,0,
0x0,0,0,
0x0,0,0,
0x0,0,0,
0x0,0,0,
0x0,0,0,
0x0,0,0,
0x0,0,0,
0x0,0,0,
0x0,0,0,
0x0,0,0,
0x0,0,0,
0x0,0,0,
0x0,0,0,
0x0,0,0,
0x0,0,0,
0x0,0,0,
0x0,0,0,
0x0,0,0,
0x0,0,0,
0x0,0,0,
0x0,0,0,
0x0,0,0,
0x0,0,0,
0x0,0,0,
0x0,0,0,
0x0,0,0,
0x0,0,0,
0x0,0,0,
0x0,0,0,
0x0,0,0,
0x0,0,0,
0x0,0,0,
0x0,0,0,
0x0,0,0,
0x0,0,0,
0x0,0,0,
0x0,0,0,
0x0,0,0,
0x0,0,0,
0x0,0,0,
0x0,0,0,
0x0,0,0,
0x0,0,0,
0x0,0,0,
0x0,0,0,
0x0,0,0,
0x0,0,0,
0x0,0,0,
0x0,0,0,
0x0,0,0,
0x0,0,0,
0x0,0,0,
0x0,0,0,
0x0,0,0,
0x0,0,0,
0x0,0,0,
0x0,0,0,
0x0,0,0,
0x0,0,0,
0x0,0,0,
0x0,0,0,
0x0,0,0,
0x0,0,0,
0x0,0,0,
0x0,0,0,
0x0,0,0,
0x0,0,0,
0x0,0,0,
0x0,0,0,
0x0,0,0,
0x0,0,0,
0x0,0,0,
0x0,0,0,
0x0,0,0,
0x0,0,0,
0x0,0,0,
0x0,0,0,
0x0,0,0,
0x0,0,0,
0x0,0,0,
0x0,0,0,
0x0,0,0,
0x0,0,0,
0x0,0,0,
0x0,0,0,
0x0,0,0,
0x0,0,0,
0x0,0,0,
0x0,0,0,
0x0,0,0,
0x0,0,0,
0x0,0,0,
0x0,0,0,
0x0,0,0,
0x0,0,0,
0x0,0,0,
0x0,0,0,
0x0,0,0,
0x0,0,0,
0x0,0,0,
0x0,0,0,
0x0,0,0,
0x0,0,0,
0x0,0,0,
0x0,0,0,
0x0,0,0,
0x0,0,0,
0x0,0,0,
0x0,0,0,
0x0,0,0,
0x0,0,0,
0x0,0,0,
0x0,0,0,
0x0,0,0,
0x0,0,0,
0x0,0,0,
0x0,0,0,
0x0,0,0,
0x0,0,0,
0x0,0,0,
0x0,0,0,
0x0,0,0,
0x0,0,0,
0x0,0,0,
0x0,0,0,
0x0,0,0,
0x0,0,0,
0x0,0,0,
0x0,0,0,
0x0,0,0,
0x0,0,0,
0x0,0,0,
0x0,0,0,
0x0,0,0,
0x0,0,0,
0x0,0,0,
0x0,0,0,
0x0,0,0,
0x0,0,0,
0x0,0,0,
0x0,0,0,
0x0,0,0,
0x0,0,0,
0x0,0,0,
0x0,0,0,
0x0,0,0,
0x0,0,0,
0x0,0,0,
0x0,0,0,
0x0,0,0,
0x0,0,0,
0x0,0,0,
0x0,0,0,
0x0,0,0,
0x0,0,0,
0x0,0,0,
0x0,0,0,
0x0,0,0,
0x0,0,0,
0x0,0,0,
0x0,0,0,
0x0,0,0,
0x0,0,0,
0x0,0,0,
0x0,0,0,
0x0,0,0,
0x0,0,0,
0x0,0,0,
0x0,0,0,
0x0,0,0,
0x0,0,0,
0x0,0,0,
0x0,0,0,
0x0,0,0,
0x0,0,0,
0x0,0,0,
0x0,0,0,
0x0,0,0,
0x0,0,0,
0x0,0,0,
0x0,0,0,
0x0,0,0,
0x0,0,0,
0x0,0,0,
0x0,0,0,
0x0,0,0,
0x0,0,0,
0x0,0,0,
0x0,0,0,
0x0,0,0,
0x0,0,0,
0x0,0,0,
0x0,0,0,
0x0,0,0,
0x0,0,0,
0x0,0,0,
0x0,0,0,
0x0,0,0,
0x0,0,0,
0x0,0,0,
0x0,0,0,
0x0,0,0,
0x0,0,0,
0x0,0,0,
0x0,0,0,
0x0,0,0,
0x0,0,0,
0x0,0,0,
0x0,0,0,
0x0,0,0,
0x0,0,0,
0x0,0,0,
0x0,0,0,
0x0,0,0,
0x0,0,0,
0x0,0,0,
0x0,0,0,
0x0,0,0,
0x0,0,0,
0x0,0,0,
0x0,0,0,
0x0,0,0,
0x0,0,0,
0x0,0,0,
0x0,0,0,
0x0,0,0,
0x0,0,0,
0x0,0,0,
0x0,0,0,
0x0,0,0,
0x0,0,0,
0x0,0,0,
0x0,0,0,
0x0,0,0,
0x0,0,0,
0x0,0,0,
0x0,0,0,
0x0,0,0,
0x0,0,0,
0x0,0,0,
0x0,0,0,
0x0,0,0,
0x0,0,0,
0x0,0,0,
0x0,0,0,
0x0,0,0,
0x0,0,0,
0x0,0,0,
0x0,0,0,
0x0,0,0,
0x0,0,0,
0x0,0,0,
0x0,0,0,
0x0,0,0,
0x0,0,0,
0x0,0,0,
0x0,0,0,
0x0,0,0,
0x0,0,0,
0x0,0,0,
0x0,0,0,
0x0,0,0,
0x0,0,0,
0x0,0,0,
0x0,0,0,
0x0,0,0,
0x0,0,0,
0x0,0,0,
0x0,0,0,
0x0,0,0,
0x0,0,0,
0x0,0,0,
0x0,0,0,
0x0,0,0,
0x0,0,0,
0x0,0,0,
0x0,0,0,
0x0,0,0,
0x0,0,0,
0x0,0,0,
0x0,0,0,
0x0,0,0,
0x0,0,0,
0x0,0,0,
0x0,0,0,
0x0,0,0,
0x0,0,0,
0x0,0,0,
0x0,0,0,
0x0,0,0,
0x0,0,0,
0x0,0,0,
0x0,0,0,
0x0,0,0,
0x0,0,0,
0x0,0,0,
0x0,0,0,
0x0,0,0,
0x0,0,0,
0x0,0,0,
0x0,0,0,
0x0,0,0,
0x0,0,0,
0x0,0,0,
0x0,0,0,
0x0,0,0,
0x0,0,0,
0x0,0,0,
0x0,0,0,
0x0,0,0,
0x0,0,0,
0x0,0,0,
0x0,0,0,
0x0,0,0,
0x0,0,0,
0x0,0,0,
0x0,0,0,
0x0,0,0,
0x0,0,0,
0x0,0,0,
0x0,0,0,
0x0,0,0,
0x0,0,0,
0x0,0,0,
0x0,0,0,
0x0,0,0,
0x0,0,0,
0x0,0,0,
0x0,0,0,
0x0,0,0,
0x0,0,0,
0x0,0,0,
0x0,0,0,
0x0,0,0,
0x0,0,0,
0x0,0,0,
0x0,0,0,
0x0,0,0,
0x0,0,0,
0x0,0,0,
0x0,0,0,
0x0,0,0,
0x0,0,0,
0x0,0,0,
0x0,0,0,
0x0,0,0,
0x0,0,0,
0x0,0,0,
0x0,0,0,
0x0,0,0,
0x0,0,0,
0x0,0,0,
0x0,0,0,
0x0,0,0,
0x0,0,0,
0x0,0,0,
0x0,0,0,
0x0,0,0,
0x0,0,0,
0x0,0,0,
0x0,0,0,
0x0,0,0,
0x0,0,0,
0x0,0,0,
0x0,0,0,
0x0,0,0,
0x0,0,0,
0x0,0,0,
0x0,0,0,
0x0,0,0,
0x0,0,0,
0x0,0,0,
0x0,0,0,
0x0,0,0,
0x0,0,0,
0x0,0,0,
0x0,0,0,
0x0,0,0,
0x0,0,0,
0x0,0,0,
0x0,0,0,
0x0,0,0,
0x0,0,0,
0x0,0,0,
0x0,0,0,
0x0,0,0,
0x0,0,0,
0x0,0,0,
0x0,0,0,
0x0,0,0,
0x0,0,0,
0x0,0,0,
0x0,0,0,
0x0,0,0,
0x0,0,0,
0x0,0,0,
0x0,0,0,
0x0,0,0,
0x0,0,0,
0x0,0,0,
0x0,0,0,
0x0,0,0,
0x0,0,0,
0x0,0,0,
0x0,0,0,
0x0,0,0,
0x0,0,0,
0x0,0,0,
0x0,0,0,
0x0,0,0,
0x0,0,0,
0x0,0,0,
0x0,0,0,
0x0,0,0,
0x0,0,0,
0x0,0,0,
0x0,0,0,
0x0,0,0,
0x0,0,0,
0x0,0,0,
0x0,0,0,
0x0,0,0,
0x0,0,0,
0x0,0,0,
0x0,0,0,
0x0,0,0,
0x0,0,0,
0x0,0,0,
0x0,0,0,
0x0,0,0,
0x0,0,0,
0x0,0,0,
0x0,0,0,
0x0,0,0,
0x0,0,0,
0x0,0,0,
0x0,0,0,
0x0,0,0,
0x0,0,0,
0x0,0,0,
0x0,0,0,
0x0,0,0,
0x0,0,0,
0x0,0,0,
0x0,0,0,
0x0,0,0,
0x0,0,0,
0x0,0,0,
0x0,0,0,
0x0,0,0,
0x0,0,0,
0x0,0,0,
0x0,0,0,
0x0,0,0,
0x0,0,0,
0x0,0,0,
0x0,0,0,
0x0,0,0,
0x0,0,0,
0x0,0,0,
0x0,0,0,
0x0,0,0,
0x0,0,0,
0x0,0,0,
0x0,0,0,
0x0,0,0,
0x0,0,0,
0x0,0,0,
0x0,0,0,
0x0,0,0,
0x0,0,0,
0x0,0,0,
0x0,0,0,
0x0,0,0,
0x0,0,0,
0x0,0,0,
0x0,0,0,
0x0,0,0,
0x0,0,0,
0x0,0,0,
0x0,0,0,
0x0,0,0,
0x0,0,0,
0x0,0,0,
0x0,0,0,
0x0,0,0,
0x0,0,0,
0x0,0,0,
0x0,0,0,
0x0,0,0,
0x0,0,0,
0x0,0,0,
0x0,0,0,
0x0,0,0,
0x0,0,0,
0x0,0,0,
0x0,0,0,
0x0,0,0,
0x0,0,0,
0x0,0,0,
0x0,0,0,
0x0,0,0,
0x0,0,0,
0x0,0,0,
0x0,0,0,
0x0,0,0,
0x0,0,0,
0x0,0,0,
0x0,0,0,
0x0,0,0,
0x0,0,0,
0x0,0,0,
0x0,0,0,
0x0,0,0,
0x0,0,0,
0x0,0,0,
0x0,0,0,
0x0,0,0,
0x0,0,0,
0x0,0,0,
0x0,0,0,
0x0,0,0,
0x0,0,0,
0x0,0,0,
0x0,0,0,
0x0,0,0,
0x0,0,0,
0x0,0,0,
0x0,0,0,
0x0,0,0,
0x0,0,0,
0x0,0,0,
0x0,0,0,
0x0,0,0,
0x0,0,0,
0x0,0,0,
0x0,0,0,
0x0,0,0,
0x0,0,0,
0x0,0,0,
0x0,0,0,
0x0,0,0,
0x0,0,0,
0x0,0,0,
0x0,0,0,
0x0,0,0,
0x0,0,0,
0x0,0,0,
0x0,0,0,
0x0,0,0,
0x0,0,0,
0x0,0,0,
0x0,0,0,
0x0,0,0,
0x0,0,0,
0x0,0,0,
0x0,0,0,
0x0,0,0,
0x0,0,0,
0x0,0,0,
0x0,0,0,
0x0,0,0,
0x0,0,0,
0x0,0,0,
0x0,0,0,
0x0,0,0,
0x0,0,0,
0x0,0,0,
0x0,0,0,
0x0,0,0,
0x0,0,0,
0x0,0,0,
0x0,0,0,
0x0,0,0,
0x0,0,0,
0x0,0,0,
0x0,0,0,
0x0,0,0,
0x0,0,0,
0x0,0,0,
0x0,0,0,
0x0,0,0,
0x0,0,0,
0x0,0,0,
0x0,0,0,
0x0,0,0,
0x0,0,0,
0x0,0,0,
0x0,0,0,
0x0,0,0,
0x0,0,0,
0x0,0,0,
0x0,0,0,
0x0,0,0,
0x0,0,0,
0x0,0,0,
0x0,0,0,
0x0,0,0,
0x0,0,0,
0x0,0,0,
0x0,0,0,
0x0,0,0,
0x0,0,0,
0x0,0,0,
0x0,0,0,
0x0,0,0,
0x0,0,0,
0x0,0,0,
0x0,0,0,
0x0,0,0,
0x0,0,0,
0x0,0,0,
0x0,0,0,
0x0,0,0,
0x0,0,0,
0x0,0,0,
0x0,0,0,
0x0,0,0,
0x0,0,0,
0x0,0,0,
0x0,0,0,
0x0,0,0,
0x0,0,0,
0x0,0,0,
0x0,0,0,
0x0,0,0,
0x0,0,0,
0x0,0,0,
0x0,0,0,
0x0,0,0,
0x0,0,0,
0x0,0,0,
0x0,0,0,
0x0,0,0,
0x0,0,0,
0x0,0,0,
0x0,0,0,
0x0,0,0,
0x0,0,0,
0x0,0,0,
0x0,0,0,
0x0,0,0,
0x0,0,0,
0x0,0,0,
0x0,0,0,
0x0,0,0,
0x0,0,0,
0x0,0,0,
0x0,0,0,
0x0,0,0,
0x0,0,0,
0x0,0,0,
0x0,0,0,
0x0,0,0,
0x0,0,0,
0x0,0,0,
0x0,0,0,
0x0,0,0,
0x0,0,0,
0x0,0,0,
0x0,0,0,
0x0,0,0,
0x0,0,0,
0x0,0,0,
0x0,0,0,
0x0,0,0,
0x0,0,0,
0x0,0,0,
0x0,0,0,
0x0,0,0,
0x0,0,0,
0x0,0,0,
0x0,0,0,
0x0,0,0,
0x0,0,0,
0x0,0,0,
0x0,0,0,
0x0,0,0,
0x0,0,0,
0x0,0,0,
0x0,0,0,
0x0,0,0,
0x0,0,0,
0x0,0,0,
0x0,0,0,
0x0,0,0,
0x0,0,0,
0x0,0,0,
0x0,0,0,
0x0,0,0,
0x0,0,0,
0x0,0,0,
0x0,0,0,
0x0,0,0,
0x0,0,0,
0x0,0,0,
0x0,0,0,
0x0,0,0,
0x0,0,0,
0x0,0,0,
0x0,0,0,
0x0,0,0,
0x0,0,0,
0x0,0,0,
0x0,0,0,
0x0,0,0,
0x0,0,0,
0x0,0,0,
0x0,0,0,
0x0,0,0,
0x0,0,0,
0x0,0,0,
0x0,0,0,
0x0,0,0,
0x0,0,0,
0x0,0,0,
0x0,0,0,
0x0,0,0,
0x0,0,0,
0x0,0,0,
0x0,0,0,
0x0,0,0,
0x0,0,0,
0x0,0,0,
0x0,0,0,
0x0,0,0,
0x0,0,0,
0x0,0,0,
0x0,0,0,
0x0,0,0,
0x0,0,0,
0x0,0,0,
0x0,0,0,
0x0,0,0,
0x0,0,0,
0x0,0,0,
0x0,0,0,
0x0,0,0,
0x0,0,0,
0x0,0,0,
0x0,0,0,
0x0,0,0,
0x0,0,0,
0x0,0,0,
0x0,0,0,
0x0,0,0,
0x0,0,0,
0x0,0,0,
0x0,0,0,
0x0,0,0,
0x0,0,0,
0x0,0,0,
0x0,0,0,
0x0,0,0,
0x0,0,0,
0x0,0,0,
0x0,0,0,
0x0,0,0,
0x0,0,0,
0x0,0,0,
0x0,0,0,
0x0,0,0,
0x0,0,0,
0x0,0,0,
0x0,0,0,
0x0,0,0,
0x0,0,0,
0x0,0,0,
0x0,0,0,
0x0,0,0,
0x0,0,0,
0x0,0,0,
0x0,0,0,
0x0,0,0,
0x0,0,0,
0x0,0,0,
0x0,0,0,
0x0,0,0,
0x0,0,0,
0x0,0,0,
0x0,0,0,
0x0,0,0,
0x0,0,0,
0x0,0,0,
0x0,0,0,
0x0,0,0,
0x0,0,0,
0x0,0,0,
0x0,0,0,
0x0,0,0,
0x0,0,0,
0x0,0,0,
0x0,0,0,
0x0,0,0,
0x0,0,0,
0x0,0,0,
0x0,0,0,
0x0,0,0,
0x0,0,0,
0x0,0,0,
0x0,0,0,
0x0,0,0,
0x0,0,0,
0x0,0,0,
0x0,0,0,
0x0,0,0,
0x0,0,0,
0x0,0,0,
0x0,0,0,
0x0,0,0,
0x0,0,0,
0x0,0,0,
0x0,0,0,
0x0,0,0,
0x0,0,0,
0x0,0,0,
0x0,0,0,
0x0,0,0,
0x0,0,0,
0x0,0,0,
0x0,0,0,
0x0,0,0,
0x0,0,0,
0x0,0,0,
0x0,0,0,
0x0,0,0,
0x0,0,0,
0x0,0,0,
0x0,0,0,
0x0,0,0,
0x0,0,0,
0x0,0,0,
0x0,0,0,
0x0,0,0,
0x0,0,0,
0x0,0,0,
0x0,0,0,
0x0,0,0,
0x0,0,0,
0x0,0,0,
0x0,0,0,
0x0,0,0,
0x0,0,0,
0x0,0,0,
0x0,0,0,
0x0,0,0,
0x0,0,0,
0x0,0,0,
0x0,0,0,
0x0,0,0,
0x0,0,0,
0x0,0,0,
0x0,0,0,
0x0,0,0,
0x0,0,0,
0x0,0,0,
0x0,0,0,
0x0,0,0,
0x0,0,0,
0x0,0,0,
0x0,0,0,
0x0,0,0,
0x0,0,0,
0x0,0,0,
0x0,0,0,
0x0,0,0,
0x0,0,0,
0x0,0,0,
0x0,0,0,
0x0,0,0,
0x0,0,0,
0x0,0,0,
0x0,0,0,
0x0,0,0,
0x0,0,0,
0x0,0,0,
0x0,0,0,
0x0,0,0,
0x0,0,0,
0x0,0,0,
0x0,0,0,
0x0,0,0,
0x0,0,0,
0x0,0,0,
0x0,0,0,
0x0,0,0,
0x0,0,0,
0x0,0,0,
0x0,0,0,
0x0,0,0,
0x0,0,0,
0x0,0,0,
0x0,0,0,
0x0,0,0,
0x0,0,0,
0x0,0,0,
0x0,0,0,
0x0,0,0,
0x0,0,0,
0x0,0,0,
0x0,0,0,
0x0,0,0,
0x0,0,0,
0x0,0,0,
0x0,0,0,
0x0,0,0,
0x0,0,0,
0x0,0,0,
0x0,0,0,
0x0,0,0,
0x0,0,0,
0x0,0,0,
0x0,0,0,
0x0,0,0,
0x0,0,0,
0x0,0,0,
0x0,0,0,
0x0,0,0,
0x0,0,0,
0x0,0,0,
0x0,0,0,
0x0,0,0,
0x0,0,0,
0x0,0,0,
0x0,0,0,
0x0,0,0,
0x0,0,0,
0x0,0,0,
0x0,0,0,
0x0,0,0,
0x0,0,0,
0x0,0,0,
0x0,0,0,
0x0,0,0,
0x0,0,0,
0x0,0,0,
0x0,0,0,
0x0,0,0,
0x0,0,0,
0x0,0,0,
0x0,0,0,
0x0,0,0,
0x0,0,0,
0x0,0,0,
0x0,0,0,
0x0,0,0,
0x0,0,0,
0x0,0,0,
0x0,0,0,
0x0,0,0,
0x0,0,0,
0x0,0,0,
0x0,0,0,
0x0,0,0,
0x0,0,0,
0x0,0,0,
0x0,0,0,
0x0,0,0,
0x0,0,0,
0x0,0,0,
0x0,0,0,
0x0,0,0,
0x0,0,0,
0x0,0,0,
0x0,0,0,
0x0,0,0,
0x0,0,0,
0x0,0,0,
0x0,0,0,
0x0,0,0,
0x0,0,0,
0x0,0,0,
0x0,0,0,
0x0,0,0,
0x0,0,0,
0x0,0,0,
0x0,0,0,
0x0,0,0,
0x0,0,0,
0x0,0,0,
0x0,0,0,
0x0,0,0,
0x0,0,0,
0x0,0,0,
0x0,0,0,
0x0,0,0,
0x0,0,0,
0x0,0,0,
0x0,0,0,
0x0,0,0,
0x0,0,0,
0x0,0,0,
0x0,0,0,
0x0,0,0,
0x0,0,0,
0x0,0,0,
0x0,0,0,
0x0,0,0,
0x0,0,0,
0x0,0,0,
0x0,0,0,
0x0,0,0,
0x0,0,0,
0x0,0,0,
0x0,0,0,
0x0,0,0,
0x0,0,0,
0x0,0,0,
0x0,0,0,
0x0,0,0,
0x0,0,0,
0x0,0,0,
0x0,0,0,
0x0,0,0,
0x0,0,0,
0x0,0,0,
0x0,0,0,
0x0,0,0,
0x0,0,0,
0x0,0,0,
0x0,0,0,
0x0,0,0,
0x0,0,0,
0x0,0,0,
0x0,0,0,
0x0,0,0,
0x0,0,0,
0x0,0,0,
0x0,0,0,
0x0,0,0,
0x0,0,0,
0x0,0,0,
0x0,0,0,
0x0,0,0,
0x0,0,0,
0x0,0,0,
0x0,0,0,
0x0,0,0,
0x0,0,0,
0x0,0,0,
0x0,0,0,
0x0,0,0,
0x0,0,0,
0x0,0,0,
0x0,0,0,
0x0,0,0,
0x0,0,0,
0x0,0,0,
0x0,0,0,
0x0,0,0,
0x0,0,0,
0x0,0,0,
0x0,0,0,
0x0,0,0,
0x0,0,0,
0x0,0,0,
0x0,0,0,
0x0,0,0,
0x0,0,0,
0x0,0,0,
0x0,0,0,
0x0,0,0,
0x0,0,0,
0x0,0,0,
0x0,0,0,
0x0,0,0,
0x0,0,0,
0x0,0,0,
0x0,0,0,
0x0,0,0,
0x0,0,0,
0x0,0,0,
0x0,0,0,
0x0,0,0,
0x0,0,0,
0x0,0,0,
0x0,0,0,
0x0,0,0,
0x0,0,0,
0x0,0,0,
0x0,0,0,
0x0,0,0,
0x0,0,0,
0x0,0,0,
0x0,0,0,
0x0,0,0,
0x0,0,0,
0x0,0,0,
0x0,0,0,
0x0,0,0,
0x0,0,0,
0x0,0,0,
0x0,0,0,
0x0,0,0,
0x0,0,0,
0x0,0,0,
0x0,0,0,
0x0,0,0,
0x0,0,0,
0x0,0,0,
0x0,0,0,
0x0,0,0,
0x0,0,0,
0x0,0,0,
0x0,0,0,
0x0,0,0,
0x0,0,0,
0x0,0,0,
0x0,0,0,
0x0,0,0,
0x0,0,0,
0x0,0,0,
0x0,0,0,
0x0,0,0,
0x0,0,0,
0x0,0,0,
0x0,0,0,
0x0,0,0,
0x0,0,0,
0x0,0,0,
0x0,0,0,
0x0,0,0,
0x0,0,0,
0x0,0,0,
0x0,0,0,
0x0,0,0,
0x0,0,0,
0x0,0,0,
0x0,0,0,
0x0,0,0,
0x0,0,0,
0x0,0,0,
0x0,0,0,
0x0,0,0,
0x0,0,0,
0x0,0,0,
0x0,0,0,
0x0,0,0,
0x0,0,0,
0x0,0,0,
0x0,0,0,
0x0,0,0,
0x0,0,0,
0x0,0,0,
0x0,0,0,
0x0,0,0,
0x0,0,0,
0x0,0,0,
0x0,0,0,
0x0,0,0,
0x0,0,0,
0x0,0,0,
0x0,0,0,
0x0,0,0,
0x0,0,0,
0x0,0,0,
0x0,0,0,
0x0,0,0,
0x0,0,0,
0x0,0,0,
0x0,0,0,
0x0,0,0,
0x0,0,0,
0x0,0,0,
0x0,0,0,
0x0,0,0,
0x0,0,0,
0x0,0,0,
0x0,0,0,
0x0,0,0,
0x0,0,0,
0x0,0,0,
0x0,0,0,
0x0,0,0,
0x0,0,0,
0x0,0,0,
0x0,0,0,
0x0,0,0,
0x0,0,0,
0x0,0,0,
0x0,0,0,
0x0,0,0,
0x0,0,0,
0x0,0,0,
0x0,0,0,
0x0,0,0,
0x0,0,0,
0x0,0,0,
0x0,0,0,
0x0,0,0,
0x0,0,0,
0x0,0,0,
0x0,0,0,
0x0,0,0,
0x0,0,0,
0x0,0,0,
0x0,0,0,
0x0,0,0,
0x0,0,0,
0x0,0,0,
0x0,0,0,
0x0,0,0,
0x0,0,0,
0x0,0,0,
0x0,0,0,
0x0,0,0,
0x0,0,0,
0x0,0,0,
0x0,0,0,
0x0,0,0,
0x0,0,0,
0x0,0,0,
0x0,0,0,
0x0,0,0,
0x0,0,0,
0x0,0,0,
0x0,0,0,
0x0,0,0,
0x0,0,0,
0x0,0,0,
0x0,0,0,
0x0,0,0,
0x0,0,0,
0x0,0,0,
0x0,0,0,
0x0,0,0,
0x0,0,0,
0x0,0,0,
0x0,0,0,
0x0,0,0,
0x0,0,0,
0x0,0,0,
0x0,0,0,
0x0,0,0,
0x0,0,0,
0x0,0,0,
0x0,0,0,
0x0,0,0,
0x0,0,0,
0x0,0,0,
0x0,0,0,
0x0,0,0,
0x0,0,0,
0x0,0,0,
0x0,0,0,
0x0,0,0,
0x0,0,0,
0x0,0,0,
0x0,0,0,
0x0,0,0,
0x0,0,0,
0x0,0,0,
0x0,0,0,
0x0,0,0,
0x0,0,0,
0x0,0,0,
0x0,0,0,
0x0,0,0,
0x0,0,0,
0x0,0,0,
0x0,0,0,
0x0,0,0,
0x0,0,0,
0x0,0,0,
0x0,0,0,
0x0,0,0,
0x0,0,0,
0x0,0,0,
0x0,0,0,
0x0,0,0,
0x0,0,0,
0x0,0,0,
0x0,0,0,
0x0,0,0,
0x0,0,0,
0x0,0,0,
0x0,0,0,
0x0,0,0,
0x0,0,0,
0x0,0,0,
0x0,0,0,
0x0,0,0,
0x0,0,0,
0x0,0,0,
0x0,0,0,
0x0,0,0,
0x0,0,0,
0x0,0,0,
0x0,0,0,
0x0,0,0,
0x0,0,0,
0x0,0,0,
0x0,0,0,
0x0,0,0,
0x0,0,0,
0x0,0,0,
0x0,0,0,
0x0,0,0,
0x0,0,0,
0x0,0,0,
0x0,0,0,
0x0,0,0,
0x0,0,0,
0x0,0,0,
0x0,0,0,
0x0,0,0,
0x0,0,0,
0x0,0,0,
0x0,0,0,
0x0,0,0,
0x0,0,0,
0x0,0,0,
0x0,0,0,
0x0,0,0,
0x0,0,0,
0x0,0,0,
0x0,0,0,
0x0,0,0,
0x0,0,0,
0x0,0,0,
0x0,0,0,
0x0,0,0,
0x0,0,0,
0x0,0,0,
0x0,0,0,
0x0,0,0,
0x0,0,0,
0x0,0,0,
0x0,0,0,
0x0,0,0,
0x0,0,0,
0x0,0,0,
0x0,0,0,
0x0,0,0,
0x0,0,0,
0x0,0,0,
0x0,0,0,
0x0,0,0,
0x0,0,0,
0x0,0,0,
0x0,0,0,
0x0,0,0,
0x0,0,0,
0x0,0,0,
0x0,0,0,
0x0,0,0,
0x0,0,0,
0x0,0,0,
0x0,0,0,
0x0,0,0,
0x0,0,0,
0x0,0,0,
0x0,0,0,
0x0,0,0,
0x0,0,0,
0x0,0,0,
0x0,0,0,
0x0,0,0,
0x0,0,0,
0x0,0,0,
0x0,0,0,
0x0,0,0,
0x0,0,0,
0x0,0,0,
0x0,0,0,
0x0,0,0,
0x0,0,0,
0x0,0,0,
0x0,0,0,
0x0,0,0,
0x0,0,0,
0x0,0,0,
0x0,0,0,
0x0,0,0,
0x0,0,0,
0x0,0,0,
0x0,0,0,
0x0,0,0,
0x0,0,0,
0x0,0,0,
0x0,0,0,
0x0,0,0,
0x0,0,0,
0x0,0,0,
0x0,0,0,
0x0,0,0,
0x0,0,0,
0x0,0,0,
0x0,0,0,
0x0,0,0,
0x0,0,0,
0x0,0,0,
0x0,0,0,
0x0,0,0,
0x0,0,0,
0x0,0,0,
0x0,0,0,
0x0,0,0,
0x0,0,0,
0x0,0,0,
0x0,0,0,
0x0,0,0,
0x0,0,0,
0x0,0,0,
0x0,0,0,
0x0,0,0,
0x0,0,0,
0x0,0,0,
0x0,0,0,
0x0,0,0,
0x0,0,0,
0x0,0,0,
0x0,0,0,
0x0,0,0,
0x0,0,0,
0x0,0,0,
0x0,0,0,
0x0,0,0,
0x0,0,0,
0x0,0,0,
0x0,0,0,
0x0,0,0,
0x0,0,0,
0x0,0,0,
0x0,0,0,
0x0,0,0,
0x0,0,0,
0x0,0,0,
0x0,0,0,
0x0,0,0,
0x0,0,0,
0x0,0,0,
0x0,0,0,
0x0,0,0,
0x0,0,0,
0x0,0,0,
0x0,0,0,
0x0,0,0,
0x0,0,0,
0x0,0,0,
0x0,0,0,
0x0,0,0,
0x0,0,0,
0x0,0,0,
0x0,0,0,
0x0,0,0,
0x0,0,0,
0x0,0,0,
0x0,0,0,
0x0,0,0,
0x0,0,0,
0x0,0,0,
0x0,0,0,
0x0,0,0,
0x0,0,0,
0x0,0,0,
0x0,0,0,
0x0,0,0,
0x0,0,0,
0x0,0,0,
0x0,0,0,
0x0,0,0,
0x0,0,0,
0x0,0,0,
0x0,0,0,
0x0,0,0,
0x0,0,0,
0x0,0,0,
0x0,0,0,
0x0,0,0,
0x0,0,0,
0x0,0,0,
0x0,0,0,
0x0,0,0,
0x0,0,0,
0x0,0,0,
0x0,0,0,
0x0,0,0,
0x0,0,0,
0x0,0,0,
0x0,0,0,
0x0,0,0,
0x0,0,0,
0x0,0,0,
0x0,0,0,
0x0,0,0,
0x0,0,0,
0x0,0,0,
0x0,0,0,
0x0,0,0,
0x0,0,0,
0x0,0,0,
0x0,0,0,
0x0,0,0,
0x0,0,0,
0x0,0,0,
0x0,0,0,
0x0,0,0,
0x0,0,0,
0x0,0,0,
0x0,0,0,
0x0,0,0,
0x0,0,0,
0x0,0,0,
0x0,0,0,
0x0,0,0,
0x0,0,0,
0x0,0,0,
0x0,0,0,
0x0,0,0,
0x0,0,0,
0x0,0,0,
0x0,0,0,
0x0,0,0,
0x0,0,0,
0x0,0,0,
0x0,0,0,
0x0,0,0,
0x0,0,0,
0x0,0,0,
0x0,0,0,
0x0,0,0,
0x0,0,0,
0x0,0,0,
0x0,0,0,
0x0,0,0,
0x0,0,0,
0x0,0,0,
0x0,0,0,
0x0,0,0,
0x0,0,0,
0x0,0,0,
0x0,0,0,
0x0,0,0,
0x0,0,0,
0x0,0,0,
0x0,0,0,
0x0,0,0,
0x0,0,0,
0x0,0,0,
0x0,0,0,
0x0,0,0,
0x0,0,0,
0x0,0,0,
0x0,0,0,
0x0,0,0,
0x0,0,0,
0x0,0,0,
0x0,0,0,
0x0,0,0,
0x0,0,0,
0x0,0,0,
0x0,0,0,
0x0,0,0,
0x0,0,0,
0x0,0,0,
0x0,0,0,
0x0,0,0,
0x0,0,0,
0x0,0,0,
0x0,0,0,
0x0,0,0,
0x0,0,0,
0x0,0,0,
0x0,0,0,
0x0,0,0,
0x0,0,0,
0x0,0,0,
0x0,0,0,
0x0,0,0,
0x0,0,0,
0x0,0,0,
0x0,0,0,
0x0,0,0,
0x0,0,0,
0x0,0,0,
0x0,0,0,
0x0,0,0,
0x0,0,0,
0x0,0,0,
0x0,0,0,
0x0,0,0,
0x0,0,0,
0x0,0,0,
0x0,0,0,
0x0,0,0,
0x0,0,0,
0x0,0,0,
0x0,0,0,
0x0,0,0,
0x0,0,0,
0x0,0,0,
0x0,0,0,
0x0,0,0,
0x0,0,0,
0x0,0,0,
0x0,0,0,
0x0,0,0,
0x0,0,0,
0x0,0,0,
0x0,0,0,
0x0,0,0,
0x0,0,0,
0x0,0,0,
0x0,0,0,
0x0,0,0,
0x0,0,0,
0x0,0,0,
0x0,0,0,
0x0,0,0,
0x0,0,0,
0x0,0,0,
0x0,0,0,
0x0,0,0,
0x0,0,0,
0x0,0,0,
0x0,0,0,
0x0,0,0,
0x0,0,0,
0x0,0,0,
0x0,0,0,
0x0,0,0,
0x0,0,0,
0x0,0,0,
0x0,0,0,
0x0,0,0,
0x0,0,0,
0x0,0,0,
0x0,0,0,
0x0,0,0,
0x0,0,0,
0x0,0,0,
0x0,0,0,
0x0,0,0,
0x0,0,0,
0x0,0,0,
0x0,0,0,
0x0,0,0,
0x0,0,0,
0x0,0,0,
0x0,0,0,
0x0,0,0,
0x0,0,0,
0x0,0,0,
0x0,0,0,
0x0,0,0,
0x0,0,0,
0x0,0,0,
0x0,0,0,
0x0,0,0,
0x0,0,0,
0x0,0,0,
0x0,0,0,
0x0,0,0,
0x0,0,0,
0x0,0,0,
0x0,0,0,
0x0,0,0,
0x0,0,0,
0x0,0,0,
0x0,0,0,
0x0,0,0,
0x0,0,0,
0x0,0,0,
0x0,0,0,
0x0,0,0,
0x0,0,0,
0x0,0,0,
0x0,0,0,
0x0,0,0,
0x0,0,0,
0x0,0,0,
0x0,0,0,
0x0,0,0,
0x0,0,0,
0x0,0,0,
0x0,0,0,
0x0,0,0,
0x0,0,0,
0x0,0,0,
0x0,0,0,
0x0,0,0,
0x0,0,0,
0x0,0,0,
0x0,0,0,
0x0,0,0,
0x0,0,0,
0x0,0,0,
0x0,0,0,
0x0,0,0,
0x0,0,0,
0x0,0,0,
0x0,0,0,
0x0,0,0,
0x0,0,0,
0x0,0,0,
0x0,0,0,
0x0,0,0,
0x0,0,0,
0x0,0,0,
0x0,0,0,
0x0,0,0,
0x0,0,0,
0x0,0,0,
0x0,0,0,
0x0,0,0,
0x0,0,0,
0x0,0,0,
0x0,0,0,
0x0,0,0,
0x0,0,0,
0x0,0,0,
0x0,0,0,
0x0,0,0,
0x0,0,0,
0x0,0,0,
0x0,0,0,
0x0,0,0,
0x0,0,0,
0x0,0,0,
0x0,0,0,
0x0,0,0,
0x0,0,0,
0x0,0,0,
0x0,0,0,
0x0,0,0,
0x0,0,0,
0x0,0,0,
0x0,0,0,
0x0,0,0,
0x0,0,0,
0x0,0,0,
0x0,0,0,
0x0,0,0,
0x0,0,0,
0x0,0,0,
0x0,0,0,
0x0,0,0,
0x0,0,0,
0x0,0,0,
0x0,0,0,
0x0,0,0,
0x0,0,0,
0x0,0,0,
0x0,0,0,
0x0,0,0,
0x0,0,0,
0x0,0,0,
0x0,0,0,
0x0,0,0,
0x0,0,0,
0x0,0,0,
0x0,0,0,
0x0,0,0,
0x0,0,0,
0x0,0,0,
0x0,0,0,
0x0,0,0,
0x0,0,0,
0x0,0,0,
0x0,0,0,
0x0,0,0,
0x0,0,0,
0x0,0,0,
0x0,0,0,
0x0,0,0,
0x0,0,0,
0x0,0,0,
0x0,0,0,
0x0,0,0,
0x0,0,0,
0x0,0,0,
0x0,0,0,
0x0,0,0,
0x0,0,0,
0x0,0,0,
0x0,0,0,
0x0,0,0,
0x0,0,0,
0x0,0,0,
0x0,0,0,
0x0,0,0,
0x0,0,0,
0x0,0,0,
0x0,0,0,
0x0,0,0,
0x0,0,0,
0x0,0,0,
0x0,0,0,
0x0,0,0,
0x0,0,0,
0x0,0,0,
0x0,0,0,
0x0,0,0,
0x0,0,0,
0x0,0,0,
0x0,0,0,
0x0,0,0,
0x0,0,0,
0x0,0,0,
0x0,0,0,
0x0,0,0,
0x0,0,0,
0x0,0,0,
0x0,0,0,
0x0,0,0,
0x0,0,0,
0x0,0,0,
0x0,0,0,
0x0,0,0,
0x0,0,0,
0x0,0,0,
0x0,0,0,
0x0,0,0,
0x0,0,0,
0x0,0,0,
0x0,0,0,
0x0,0,0,
0x0,0,0,
0x0,0,0,
0x0,0,0,
0x0,0,0,
0x0,0,0,
0x0,0,0,
0x0,0,0,
0x0,0,0,
0x0,0,0,
0x0,0,0,
0x0,0,0,
0x0,0,0,
0x0,0,0,
0x0,0,0,
0x0,0,0,
0x0,0,0,
0x0,0,0,
0x0,0,0,
0x0,0,0,
0x0,0,0,
0x0,0,0,
0x0,0,0,
0x0,0,0,
0x0,0,0,
0x0,0,0,
0x0,0,0,
0x0,0,0,
0x0,0,0,
0x0,0,0,
0x0,0,0,
0x0,0,0,
0x0,0,0,
0x0,0,0,
0x0,0,0,
0x0,0,0,
0x0,0,0,
0x0,0,0,
0x0,0,0,
0x0,0,0,
0x0,0,0,
0x0,0,0,
0x0,0,0,
0x0,0,0,
0x0,0,0,
0x0,0,0,
0x0,0,0,
0x0,0,0,
0x0,0,0,
0x0,0,0,
0x0,0,0,
0x0,0,0,
0x0,0,0,
0x0,0,0,
0x0,0,0,
0x0,0,0,
0x0,0,0,
0x0,0,0,
0x0,0,0,
0x0,0,0,
0x0,0,0,
0x0,0,0,
0x0,0,0,
0x0,0,0,
0x0,0,0,
0x0,0,0,
0x0,0,0,
0x0,0,0,
0x0,0,0,
0x0,0,0,
0x0,0,0,
0x0,0,0,
0x0,0,0,
0x0,0,0,
0x0,0,0,
0x0,0,0,
0x0,0,0,
0x0,0,0,
0x0,0,0,
0x0,0,0,
0x0,0,0,
0x0,0,0,
0x0,0,0,
0x0,0,0,
0x0,0,0,
0x0,0,0,
0x0,0,0,
0x0,0,0,
0x0,0,0,
0x0,0,0,
0x0,0,0,
0x0,0,0,
0x0,0,0,
0x0,0,0,
0x0,0,0,
0x0,0,0,
0x0,0,0,
0x0,0,0,
0x0,0,0,
0x0,0,0,
0x0,0,0,
0x0,0,0,
0x0,0,0,
0x0,0,0,
0x0,0,0,
0x0,0,0,
0x0,0,0,
0x0,0,0,
0x0,0,0,
0x0,0,0,
0x0,0,0,
0x0,0,0,
0x0,0,0,
0x0,0,0,
0x0,0,0,
0x0,0,0,
0x0,0,0,
0x0,0,0,
0x0,0,0,
0x0,0,0,
0x0,0,0,
0x0,0,0,
0x0,0,0,
0x0,0,0,
0x0,0,0,
0x0,0,0,
0x0,0,0,
0x0,0,0,
0x0,0,0,
0x0,0,0,
0x0,0,0,
0x0,0,0,
0x0,0,0,
0x0,0,0,
0x0,0,0,
0x0,0,0,
0x0,0,0,
0x0,0,0,
0x0,0,0,
0x0,0,0,
0x0,0,0,
0x0,0,0,
0x0,0,0,
0x0,0,0,
0x0,0,0,
0x0,0,0,
0x0,0,0,
0x0,0,0,
0x0,0,0,
0x0,0,0,
0x0,0,0,
0x0,0,0,
0x0,0,0,
0x0,0,0,
0x0,0,0,
0x0,0,0,
0x0,0,0,
0x0,0,0,
0x0,0,0,
0x0,0,0,
0x0,0,0,
0x0,0,0,
0x0,0,0,
0x0,0,0,
0x0,0,0,
0x0,0,0,
0x0,0,0,
0x0,0,0,
0x0,0,0,
0x0,0,0,
0x0,0,0,
0x0,0,0,
0x0,0,0,
0x0,0,0,
0x0,0,0,
0x0,0,0,
0x0,0,0,
0x0,0,0,
0x0,0,0,
0x0,0,0,
0x0,0,0,
0x0,0,0,
0x0,0,0,
0x0,0,0,
0x0,0,0,
0x0,0,0,
0x0,0,0,
0x0,0,0,
0x0,0,0,
0x0,0,0,
0x0,0,0,
0x0,0,0,
0x0,0,0,
0x0,0,0,
0x0,0,0,
0x0,0,0,
0x0,0,0,
0x0,0,0,
0x0,0,0,
0x0,0,0,
0x0,0,0,
0x0,0,0,
0x0,0,0,
0x0,0,0,
0x0,0,0,
0x0,0,0,
0x0,0,0,
0x0,0,0,
0x0,0,0,
0x0,0,0,
0x0,0,0,
0x0,0,0,
0x0,0,0,
0x0,0,0,
0x0,0,0,
0x0,0,0,
0x0,0,0,
0x0,0,0,
0x0,0,0,
0x0,0,0,
0x0,0,0,
0x0,0,0,
0x0,0,0,
0x0,0,0,
0x0,0,0,
0x0,0,0,
0x0,0,0,
0x0,0,0,
0x0,0,0,
0x0,0,0,
0x0,0,0,
0x0,0,0,
0x0,0,0,
0x0,0,0,
0x0,0,0,
0x0,0,0,
0x0,0,0,
0x0,0,0,
0x0,0,0,
0x0,0,0,
0x0,0,0,
0x0,0,0,
0x0,0,0,
0x0,0,0,
0x0,0,0,
0x0,0,0,
0x0,0,0,
0x0,0,0,
0x0,0,0,
0x0,0,0,
0x0,0,0,
0x0,0,0,
0x0,0,0,
0x0,0,0,
0x0,0,0,
0x0,0,0,
0x0,0,0,
0x0,0,0,
0x0,0,0,
0x0,0,0,
0x0,0,0,
0x0,0,0,
0x0,0,0,
0x0,0,0,
0x0,0,0,
0x0,0,0,
0x0,0,0,
0x0,0,0,
0x0,0,0,
0x0,0,0,
0x0,0,0,
0x0,0,0,
0x0,0,0,
0x0,0,0,
0x0,0,0,
0x0,0,0,
0x0,0,0,
0x0,0,0,
0x0,0,0,
0x0,0,0,
0x0,0,0,
0x0,0,0,
0x0,0,0,
0x0,0,0,
0x0,0,0,
0x0,0,0,
0x0,0,0,
0x0,0,0,
0x0,0,0,
0x0,0,0,
0x0,0,0,
0x0,0,0,
0x0,0,0,
0x0,0,0,
0x0,0,0,
0x0,0,0,
0x0,0,0,
0x0,0,0,
0x0,0,0,
0x0,0,0,
0x0,0,0,
0x0,0,0,
0x0,0,0,
0x0,0,0,
0x0,0,0,
0x0,0,0,
0x0,0,0,
0x0,0,0,
0x0,0,0,
0x0,0,0,
0x0,0,0,
0x0,0,0,
0x0,0,0,
0x0,0,0,
0x0,0,0,
0x0,0,0,
0x0,0,0,
0x0,0,0,
0x0,0,0,
0x0,0,0,
0x0,0,0,
0x0,0,0,
0x0,0,0,
0x0,0,0,
0x0,0,0,
0x0,0,0,
0x0,0,0,
0x0,0,0,
0x0,0,0,
0x0,0,0,
0x0,0,0,
0x0,0,0,
0x0,0,0,
0x0,0,0,
0x0,0,0,
0x0,0,0,
0x0,0,0,
0x0,0,0,
0x0,0,0,
0x0,0,0,
0x0,0,0,
0x0,0,0,
0x0,0,0,
0x0,0,0,
0x0,0,0,
0x0,0,0,
0x0,0,0,
0x0,0,0,
0x0,0,0,
0x0,0,0,
0x0,0,0,
0x0,0,0,
0x0,0,0,
0x0,0,0,
0x0,0,0,
0x0,0,0,
0x0,0,0,
0x0,0,0,
0x0,0,0,
0x0,0,0,
0x0,0,0,
0x0,0,0,
0x0,0,0,
0x0,0,0,
0x0,0,0,
0x0,0,0,
0x0,0,0,
0x0,0,0,
0x0,0,0,
0x0,0,0,
0x0,0,0,
0x0,0,0,
0x0,0,0,
0x0,0,0,
0x0,0,0,
0x0,0,0,
0x0,0,0,
0x0,0,0,
0x0,0,0,
0x0,0,0,
0x0,0,0,
0x0,0,0,
0x0,0,0,
0x0,0,0,
0x0,0,0,
0x0,0,0,
0x0,0,0,
0x0,0,0,
0x0,0,0,
0x0,0,0,
0x0,0,0,
0x0,0,0,
0x0,0,0,
0x0,0,0,
0x0,0,0,
0x0,0,0,
0x0,0,0,
0x0,0,0,
0x0,0,0,
0x0,0,0,
0x0,0,0,
0x0,0,0,
0x0,0,0,
0x0,0,0,
0x0,0,0,
0x0,0,0,
0x0,0,0,
0x0,0,0,
0x0,0,0,
0x0,0,0,
0x0,0,0,
0x0,0,0,
0x0,0,0,
0x0,0,0,
0x0,0,0,
0x0,0,0,
0x0,0,0,
0x0,0,0,
0x0,0,0,
0x0,0,0,
0x0,0,0,
0x0,0,0,
0x0,0,0,
0x0,0,0,
0x0,0,0,
0x0,0,0,
0x0,0,0,
0x0,0,0,
0x0,0,0,
0x0,0,0,
0x0,0,0,
0x0,0,0,
0x0,0,0,
0x0,0,0,
0x0,0,0,
0x0,0,0,
0x0,0,0,
0x0,0,0,
0x0,0,0,
0x0,0,0,
0x0,0,0,
0x0,0,0,
0x0,0,0,
0x0,0,0,
0x0,0,0,
0x0,0,0,
0x0,0,0,
0x0,0,0,
0x0,0,0,
0x0,0,0,
0x0,0,0,
0x0,0,0,
0x0,0,0,
0x0,0,0,
0x0,0,0,
0x0,0,0,
0x0,0,0,
0x0,0,0,
0x0,0,0,
0x0,0,0,
0x0,0,0,
0x0,0,0,
0x0,0,0,
0x0,0,0,
0x0,0,0,
0x0,0,0,
0x0,0,0,
0x0,0,0,
0x0,0,0,
0x0,0,0,
0x0,0,0,
0x0,0,0,
0x0,0,0,
0x0,0,0,
0x0,0,0,
0x0,0,0,
0x0,0,0,
0x0,0,0,
0x0,0,0,
0x0,0,0,
0x0,0,0,
0x0,0,0,
0x0,0,0,
0x0,0,0,
0x0,0,0,
0x0,0,0,
0x0,0,0,
0x0,0,0,
0x0,0,0,
0x0,0,0,
0x0,0,0,
0x0,0,0,
0x0,0,0,
0x0,0,0,
0x0,0,0,
0x0,0,0,
0x0,0,0,
0x0,0,0,
0x0,0,0,
0x0,0,0,
0x0,0,0,
0x0,0,0,
0x0,0,0,
0x0,0,0,
0x0,0,0,
0x0,0,0,
0x0,0,0,
0x0,0,0,
0x0,0,0,
0x0,0,0,
0x0,0,0,
0x0,0,0,
0x0,0,0,
0x0,0,0,
0x0,0,0,
0x0,0,0,
0x0,0,0,
0x0,0,0,
0x0,0,0,
0x0,0,0,
0x0,0,0,
0x0,0,0,
0x0,0,0,
0x0,0,0,
0x0,0,0,
0x0,0,0,
0x0,0,0,
0x0,0,0,
0x0,0,0,
0x0,0,0,
0x0,0,0,
0x0,0,0,
0x0,0,0,
0x0,0,0,
0x0,0,0,
0x0,0,0,
0x0,0,0,
0x0,0,0,
0x0,0,0,
0x0,0,0,
0x0,0,0,
0x0,0,0,
0x0,0,0,
0x0,0,0,
0x0,0,0,
0x0,0,0,
0x0,0,0,
0x0,0,0,
0x0,0,0,
0x0,0,0,
0x0,0,0,
0x0,0,0,
0x0,0,0,
0x0,0,0,
0x0,0,0,
0x0,0,0,
0x0,0,0,
0x0,0,0,
0x0,0,0,
0x0,0,0,
0x0,0,0,
0x0,0,0,
0x0,0,0,
0x0,0,0,
0x0,0,0,
0x0,0,0,
0x0,0,0,
0x0,0,0,
0x0,0,0,
0x0,0,0,
0x0,0,0,
0x0,0,0,
0x0,0,0,
0x0,0,0,
0x0,0,0,
0x0,0,0,
0x0,0,0,
0x0,0,0,
0x0,0,0,
0x0,0,0,
0x0,0,0,
0x0,0,0,
0x0,0,0,
0x0,0,0,
0x0,0,0,
0x0,0,0,
0x0,0,0,
0x0,0,0,
0x0,0,0,
0x0,0,0,
0x0,0,0,
0x0,0,0,
0x0,0,0,
0x0,0,0,
0x0,0,0,
0x0,0,0,
0x0,0,0,
0x0,0,0,
0x0,0,0,
0x0,0,0,
0x0,0,0,
0x0,0,0,
0x0,0,0,
0x0,0,0,
0x0,0,0,
0x0,0,0,
0x0,0,0,
0x0,0,0,
0x0,0,0,
0x0,0,0,
0x0,0,0,
0x0,0,0,
0x0,0,0,
0x0,0,0,
0x0,0,0,
0x0,0,0,
0x0,0,0,
0x0,0,0,
0x0,0,0,
0x0,0,0,
0x0,0,0,
0x0,0,0,
0x0,0,0,
0x0,0,0,
0x0,0,0,
0x0,0,0,
0x0,0,0,
0x0,0,0,
0x0,0,0,
0x0,0,0,
0x0,0,0,
0x0,0,0,
0x0,0,0,
0x0,0,0,
0x0,0,0,
0x0,0,0,
0x0,0,0,
0x0,0,0,
0x0,0,0,
0x0,0,0,
0x0,0,0,
0x0,0,0,
0x0,0,0,
0x0,0,0,
0x0,0,0,
0x0,0,0,
0x0,0,0,
0x0,0,0,
0x0,0,0,
0x0,0,0,
0x0,0,0,
0x0,0,0,
0x0,0,0,
0x0,0,0,
0x0,0,0,
0x0,0,0,
0x0,0,0,
0x0,0,0,
0x0,0,0,
0x0,0,0,
0x0,0,0,
0x0,0,0,
0x0,0,0,
0x0,0,0,
0x0,0,0,
0x0,0,0,
0x0,0,0,
0x0,0,0,
0x0,0,0,
0x0,0,0,
0x0,0,0,
0x0,0,0,
0x0,0,0,
0x0,0,0,
0x0,0,0,
0x0,0,0,
0x0,0,0,
0x0,0,0,
0x0,0,0,
0x0,0,0,
0x0,0,0,
0x0,0,0,
0x0,0,0,
0x0,0,0,
0x0,0,0,
0x0,0,0,
0x0,0,0,
0x0,0,0,
0x0,0,0,
0x0,0,0,
0x0,0,0,
0x0,0,0,
0x0,0,0,
0x0,0,0,
0x0,0,0,
0x0,0,0,
0x0,0,0,
0x0,0,0,
0x0,0,0,
0x0,0,0,
0x0,0,0,
0x0,0,0,
0x0,0,0,
0x0,0,0,
0x0,0,0,
0x0,0,0,
0x0,0,0,
0x0,0,0,
0x0,0,0,
0x0,0,0,
0x0,0,0,
0x0,0,0,
0x0,0,0,
0x0,0,0,
0x0,0,0,
0x0,0,0,
0x0,0,0,
0x0,0,0,
0x0,0,0,
0x0,0,0,
0x0,0,0,
0x0,0,0,
0x0,0,0,
0x0,0,0,
0x0,0,0,
0x0,0,0,
0x0,0,0,
0x0,0,0,
0x0,0,0,
0x0,0,0,
0x0,0,0,
0x0,0,0,
0x0,0,0,
0x0,0,0,
0x0,0,0,
0x0,0,0,
0x0,0,0,
0x0,0,0,
0x0,0,0,
0x0,0,0,
0x0,0,0,
0x0,0,0,
0x0,0,0,
0x0,0,0,
0x0,0,0,
0x0,0,0,
0x0,0,0,
0x0,0,0,
0x0,0,0,
0x0,0,0,
0x0,0,0,
0x0,0,0,
0x0,0,0,
0x0,0,0,
0x0,0,0,
0x0,0,0,
0x0,0,0,
0x0,0,0,
0x0,0,0,
0x0,0,0,
0x0,0,0,
0x0,0,0,
0x0,0,0,
0x0,0,0,
0x0,0,0,
0x0,0,0,
0x0,0,0,
0x0,0,0,
0x0,0,0,
0x0,0,0,
0x0,0,0,
0x0,0,0,
0x0,0,0,
0x0,0,0,
0x0,0,0,
0x0,0,0,
0x0,0,0,
0x0,0,0,
0x0,0,0,
0x0,0,0,
0x0,0,0,
0x0,0,0,
0x0,0,0,
0x0,0,0,
0x0,0,0,
0x0,0,0,
0x0,0,0,
0x0,0,0,
0x0,0,0,
0x0,0,0,
0x0,0,0,
0x0,0,0,
0x0,0,0,
0x0,0,0,
0x0,0,0,
0x0,0,0,
0x0,0,0,
0x0,0,0,
0x0,0,0,
0x0,0,0,
0x0,0,0,
0x0,0,0,
0x0,0,0,
0x0,0,0,
0x0,0,0,
0x0,0,0,
0x0,0,0,
0x0,0,0,
0x0,0,0,
0x0,0,0,
0x0,0,0,
0x0,0,0,
0x0,0,0,
0x0,0,0,
0x0,0,0,
0x0,0,0,
0x0,0,0,
0x0,0,0,
0x0,0,0,
0x0,0,0,
0x0,0,0,
0x0,0,0,
0x0,0,0,
0x0,0,0,
0x0,0,0,
0x0,0,0,
0x0,0,0,
0x0,0,0,
0x0,0,0,
0x0,0,0,
0x0,0,0,
0x0,0,0,
0x0,0,0,
0x0,0,0,
0x0,0,0,
0x0,0,0,
0x0,0,0,
0x0,0,0,
0x0,0,0,
0x0,0,0,
0x0,0,0,
0x0,0,0,
0x0,0,0,
0x0,0,0,
0x0,0,0,
0x0,0,0,
0x0,0,0,
0x0,0,0,
0x0,0,0,
0x0,0,0,
0x0,0,0,
0x0,0,0,
0x0,0,0,
0x0,0,0,
0x0,0,0,
0x0,0,0,
0x0,0,0,
0x0,0,0,
0x0,0,0,
0x0,0,0,
0x0,0,0,
0x0,0,0,
0x0,0,0,
0x0,0,0,
0x0,0,0,
0x0,0,0,
0x0,0,0,
0x0,0,0,
0x0,0,0,
0x0,0,0,
0x0,0,0,
0x0,0,0,
0x0,0,0,
0x0,0,0,
0x0,0,0,
0x0,0,0,
0x0,0,0,
0x0,0,0,
0x0,0,0,
0x0,0,0,
0x0,0,0,
0x0,0,0,
0x0,0,0,
0x0,0,0,
0x0,0,0,
0x0,0,0,
0x0,0,0,
0x0,0,0,
0x0,0,0,
0x0,0,0,
0x0,0,0,
0x0,0,0,
0x0,0,0,
0x0,0,0,
0x0,0,0,
0x0,0,0,
0x0,0,0,
0x0,0,0,
0x0,0,0,
0x0,0,0,
0x0,0,0,
0x0,0,0,
0x0,0,0,
0x0,0,0,
0x0,0,0,
0x0,0,0,
0x0,0,0,
0x0,0,0,
0x0,0,0,
0x0,0,0,
0x0,0,0,
0x0,0,0,
0x0,0,0,
0x0,0,0,
0x0,0,0,
0x0,0,0,
0x0,0,0,
0x0,0,0,
0x0,0,0,
0x0,0,0,
0x0,0,0,
0x0,0,0,
0x0,0,0,
0x0,0,0,
0x0,0,0,
0x0,0,0,
0x0,0,0,
0x0,0,0,
0x0,0,0,
0x0,0,0,
0x0,0,0,
0x0,0,0,
0x0,0,0,
0x0,0,0,
0x0,0,0,
0x0,0,0,
0x0,0,0,
0x0,0,0,
0x0,0,0,
0x0,0,0,
0x0,0,0,
0x0,0,0,
0x0,0,0,
0x0,0,0,
0x0,0,0,
0x0,0,0,
0x0,0,0,
0x0,0,0,
0x0,0,0,
0x0,0,0,
0x0,0,0,
0x0,0,0,
0x0,0,0,
0x0,0,0,
0x0,0,0,
0x0,0,0,
0x0,0,0,
0x0,0,0,
0x0,0,0,
0x0,0,0,
0x0,0,0,
0x0,0,0,
0x0,0,0,
0x0,0,0,
0x0,0,0,
0x0,0,0,
0x0,0,0,
0x0,0,0,
0x0,0,0,
0x0,0,0,
0x0,0,0,
0x0,0,0,
0x0,0,0,
0x0,0,0,
0x0,0,0,
0x0,0,0,
0x0,0,0,
0x0,0,0,
0x0,0,0,
0x0,0,0,
0x0,0,0,
0x0,0,0,
0x0,0,0,
0x0,0,0,
0x0,0,0,
0x0,0,0,
0x0,0,0,
0x0,0,0,
0x0,0,0,
0x0,0,0,
0x0,0,0,
0x0,0,0,
0x0,0,0,
0x0,0,0,
0x0,0,0,
0x0,0,0,
0x0,0,0,
0x0,0,0,
0x0,0,0,
0x0,0,0,
0x0,0,0,
0x0,0,0,
0x0,0,0,
0x0,0,0,
0x0,0,0,
0x0,0,0,
0x0,0,0,
0x0,0,0,
0x0,0,0,
0x0,0,0,
0x0,0,0,
0x0,0,0,
0x0,0,0,
0x0,0,0,
0x0,0,0,
0x0,0,0,
0x0,0,0,
0x0,0,0,
0x0,0,0,
0x0,0,0,
0x0,0,0,
0x0,0,0,
0x0,0,0,
0x0,0,0,
0x0,0,0,
0x0,0,0,
0x0,0,0,
0x0,0,0,
0x0,0,0,
0x0,0,0,
0x0,0,0,
0x0,0,0,
0x0,0,0,
0x0,0,0,
0x0,0,0,
0x0,0,0,
0x0,0,0,
0x0,0,0,
0x0,0,0,
0x0,0,0,
0x0,0,0,
0x0,0,0,
0x0,0,0,
0x0,0,0,
0x0,0,0,
0x0,0,0,
0x0,0,0,
0x0,0,0,
0x0,0,0,
0x0,0,0,
0x0,0,0,
0x0,0,0,
0x0,0,0,
0x0,0,0,
0x0,0,0,
0x0,0,0,
0x0,0,0,
0x0,0,0,
0x0,0,0,
0x0,0,0,
0x0,0,0,
0x0,0,0,
0x0,0,0,
0x0,0,0,
0x0,0,0,
0x0,0,0,
0x0,0,0,
0x0,0,0,
0x0,0,0,
0x0,0,0,
0x0,0,0,
0x0,0,0,
0x0,0,0,
0x0,0,0,
0x0,0,0,
0x0,0,0,
0x0,0,0,
0x0,0,0,
0x0,0,0,
0x0,0,0,
0x0,0,0,
0x0,0,0,
0x0,0,0,
0x0,0,0,
0x0,0,0,
0x0,0,0,
0x0,0,0,
0x0,0,0,
0x0,0,0,
0x0,0,0,
0x0,0,0,
0x0,0,0,
0x0,0,0,
0x0,0,0,
0x0,0,0,
0x0,0,0,
0x0,0,0,
0x0,0,0,
0x0,0,0,
0x0,0,0,
0x0,0,0,
0x0,0,0,
0x0,0,0,
0x0,0,0,
0x0,0,0,
0x0,0,0,
0x0,0,0,
0x0,0,0,
0x0,0,0,
0x0,0,0,
0x0,0,0,
0x0,0,0,
0x0,0,0,
0x0,0,0,
0x0,0,0,
0x0,0,0,
0x0,0,0,
0x0,0,0,
0x0,0,0,
0x0,0,0,
0x0,0,0,
0x0,0,0,
0x0,0,0,
0x0,0,0,
0x0,0,0,
0x0,0,0,
0x0,0,0,
0x0,0,0,
0x0,0,0,
0x0,0,0,
0x0,0,0,
0x0,0,0,
0x0,0,0,
0x0,0,0,
0x0,0,0,
0x0,0,0,
0x0,0,0,
0x0,0,0,
0x0,0,0,
0x0,0,0,
0x0,0,0,
0x0,0,0,
0x0,0,0,
0x0,0,0,
0x0,0,0,
0x0,0,0,
0x0,0,0,
0x0,0,0,
0x0,0,0,
0x0,0,0,
0x0,0,0,
0x0,0,0,
0x0,0,0,
0x0,0,0,
0x0,0,0,
0x0,0,0,
0x0,0,0,
0x0,0,0,
0x0,0,0,
0x0,0,0,
0x0,0,0,
0x0,0,0,
0x0,0,0,
0x0,0,0,
0x0,0,0,
0x0,0,0,
0x0,0,0,
0x0,0,0,
0x0,0,0,
0x0,0,0,
0x0,0,0,
0x0,0,0,
0x0,0,0,
0x0,0,0,
0x0,0,0,
0x0,0,0,
0x0,0,0,
0x0,0,0,
0x0,0,0,
0x0,0,0,
0x0,0,0,
0x0,0,0,
0x0,0,0,
0x0,0,0,
0x0,0,0,
0x0,0,0,
0x0,0,0,
0x0,0,0,
0x0,0,0,
0x0,0,0,
0x0,0,0,
0x0,0,0,
0x0,0,0,
0x0,0,0,
0x0,0,0,
0x0,0,0,
0x0,0,0,
0x0,0,0,
0x0,0,0,
0x0,0,0,
0x0,0,0,
0x0,0,0,
0x0,0,0,
0x0,0,0,
0x0,0,0,
0x0,0,0,
0x0,0,0,
0x0,0,0,
0x0,0,0,
0x0,0,0,
0x0,0,0,
0x0,0,0,
0x0,0,0,
0x0,0,0,
0x0,0,0,
0x0,0,0,
0x0,0,0,
0x0,0,0,
0x0,0,0,
0x0,0,0,
0x0,0,0,
0x0,0,0,
0x0,0,0,
0x0,0,0,
0x0,0,0,
0x0,0,0,
0x0,0,0,
0x0,0,0,
0x0,0,0,
0x0,0,0,
0x0,0,0,
0x0,0,0,
0x0,0,0,
0x0,0,0,
0x0,0,0,
0x0,0,0,
0x0,0,0,
0x0,0,0,
0x0,0,0,
0x0,0,0,
0x0,0,0,
0x0,0,0,
0x0,0,0,
0x0,0,0,
0x0,0,0,
0x0,0,0,
0x0,0,0,
0x0,0,0,
0x0,0,0,
0x0,0,0,
0x0,0,0,
0x0,0,0,
0x0,0,0,
0x0,0,0,
0x0,0,0,
0x0,0,0,
0x0,0,0,
0x0,0,0,
0x0,0,0,
0x0,0,0,
0x0,0,0,
0x0,0,0,
0x0,0,0,
0x0,0,0,
0x0,0,0,
0x0,0,0,
0x0,0,0,
0x0,0,0,
0x0,0,0,
0x0,0,0,
0x0,0,0,
0x0,0,0,
0x0,0,0,
0x0,0,0,
0x0,0,0,
0x0,0,0,
0x0,0,0,
0x0,0,0,
0x0,0,0,
0x0,0,0,
0x0,0,0,
0x0,0,0,
0x0,0,0,
0x0,0,0,
0x0,0,0,
0x0,0,0,
0x0,0,0,
0x0,0,0,
0x0,0,0,
0x0,0,0,
0x0,0,0,
0x0,0,0,
0x0,0,0,
0x0,0,0,
0x0,0,0,
0x0,0,0,
0x0,0,0,
0x0,0,0,
0x0,0,0,
0x0,0,0,
0x0,0,0,
0x0,0,0,
0x0,0,0,
0x0,0,0,
0x0,0,0,
0x0,0,0,
0x0,0,0,
0x0,0,0,
0x0,0,0,
0x0,0,0,
0x0,0,0,
0x0,0,0,
0x0,0,0,
0x0,0,0,
0x0,0,0,
0x0,0,0,
0x0,0,0,
0x0,0,0,
0x0,0,0,
0x0,0,0,
0x0,0,0,
0x0,0,0,
0x0,0,0,
0x0,0,0,
0x0,0,0,
0x0,0,0,
0x0,0,0,
0x0,0,0,
0x0,0,0,
0x0,0,0,
0x0,0,0,
0x0,0,0,
0x0,0,0,
0x0,0,0,
0x0,0,0,
0x0,0,0,
0x0,0,0,
0x0,0,0,
0x0,0,0,
0x0,0,0,
0x0,0,0,
0x0,0,0,
0x0,0,0,
0x0,0,0,
0x0,0,0,
0x0,0,0,
0x0,0,0,
0x0,0,0,
0x0,0,0,
0x0,0,0,
0x0,0,0,
0x0,0,0,
0x0,0,0,
0x0,0,0,
0x0,0,0,
0x0,0,0,
0x0,0,0,
0x0,0,0,
0x0,0,0,
0x0,0,0,
0x0,0,0,
0x0,0,0,
0x0,0,0,
0x0,0,0,
0x0,0,0,
0x0,0,0,
0x0,0,0,
0x0,0,0,
0x0,0,0,
0x0,0,0,
0x0,0,0,
0x0,0,0,
0x0,0,0,
0x0,0,0,
0x0,0,0,
0x0,0,0,
0x0,0,0,
0x0,0,0,
0x0,0,0,
0x0,0,0,
0x0,0,0,
0x0,0,0,
0x0,0,0,
0x0,0,0,
0x0,0,0,
0x0,0,0,
0x0,0,0,
0x0,0,0,
0x0,0,0,
0x0,0,0,
0x0,0,0,
0x0,0,0,
0x0,0,0,
0x0,0,0,
0x0,0,0,
0x0,0,0,
0x0,0,0,
0x0,0,0,
0x0,0,0,
0x0,0,0,
0x0,0,0,
0x0,0,0,
0x0,0,0,
0x0,0,0,
0x0,0,0,
0x0,0,0,
0x0,0,0,
0x0,0,0,
0x0,0,0,
0x0,0,0,
0x0,0,0,
0x0,0,0,
0x0,0,0,
0x0,0,0,
0x0,0,0,
0x0,0,0,
0x0,0,0,
0x0,0,0,
0x0,0,0,
0x0,0,0,
0x0,0,0,
0x0,0,0,
0x0,0,0,
0x0,0,0,
0x0,0,0,
0x0,0,0,
0x0,0,0,
0x0,0,0,
0x0,0,0,
0x0,0,0,
0x0,0,0,
0x0,0,0,
0x0,0,0,
0x0,0,0,
0x0,0,0,
0x0,0,0,
0x0,0,0,
0x0,0,0,
0x0,0,0,
0x0,0,0,
0x0,0,0,
0x0,0,0,
0x0,0,0,
0x0,0,0,
0x0,0,0,
0x0,0,0,
0x0,0,0,
0x0,0,0,
0x0,0,0,
0x0,0,0,
0x0,0,0,
0x0,0,0,
0x0,0,0,
0x0,0,0,
0x0,0,0,
0x0,0,0,
0x0,0,0,
0x0,0,0,
0x0,0,0,
0x0,0,0,
0x0,0,0,
0x0,0,0,
0x0,0,0,
0x0,0,0,
0x0,0,0,
0x0,0,0,
0x0,0,0,
0x0,0,0,
0x0,0,0,
0x0,0,0,
0x0,0,0,
0x0,0,0,
0x0,0,0,
0x0,0,0,
0x0,0,0,
0x0,0,0,
0x0,0,0,
0x0,0,0,
0x0,0,0,
0x0,0,0,
0x0,0,0,
0x0,0,0,
0x0,0,0,
0x0,0,0,
0x0,0,0,
0x0,0,0,
0x0,0,0,
0x0,0,0,
0x0,0,0,
0x0,0,0,
0x0,0,0,
0x0,0,0,
0x0,0,0,
0x0,0,0,
0x0,0,0,
0x0,0,0,
0x0,0,0,
0x0,0,0,
0x0,0,0,
0x0,0,0,
0x0,0,0,
0x0,0,0,
0x0,0,0,
0x0,0,0,
0x0,0,0,
0x0,0,0,
0x0,0,0,
0x0,0,0,
0x0,0,0,
0x0,0,0,
0x0,0,0,
0x0,0,0,
0x0,0,0,
0x0,0,0,
0x0,0,0,
0x0,0,0,
0x0,0,0,
0x0,0,0,
0x0,0,0,
0x0,0,0,
0x0,0,0,
0x0,0,0,
0x0,0,0,
0x0,0,0,
0x0,0,0,
0x0,0,0,
0x0,0,0,
0x0,0,0,
0x0,0,0,
0x0,0,0,
0x0,0,0,
0x0,0,0,
0x0,0,0,
0x0,0,0,
0x0,0,0,
0x0,0,0,
0x0,0,0,
0x0,0,0,
0x0,0,0,
0x0,0,0,
0x0,0,0,
0x0,0,0,
0x0,0,0,
0x0,0,0,
0x0,0,0,
0x0,0,0,
0x0,0,0,
0x0,0,0,
0x0,0,0,
0x0,0,0,
0x0,0,0,
0x0,0,0,
0x0,0,0,
0x0,0,0,
0x0,0,0,
0x0,0,0,
0x0,0,0,
0x0,0,0,
0x0,0,0,
0x0,0,0,
0x0,0,0,
0x0,0,0,
0x0,0,0,
0x0,0,0,
0x0,0,0,
0x0,0,0,
0x0,0,0,
0x0,0,0,
0x0,0,0,
0x0,0,0,
0x0,0,0,
0x0,0,0,
0x0,0,0,
0x0,0,0,
0x0,0,0,
0x0,0,0,
0x0,0,0,
0x0,0,0,
0x0,0,0,
0x0,0,0,
0x0,0,0,
0x0,0,0,
0x0,0,0,
0x0,0,0,
0x0,0,0,
0x0,0,0,
0x0,0,0,
0x0,0,0,
0x0,0,0,
0x0,0,0,
0x0,0,0,
0x0,0,0,
0x0,0,0,
0x0,0,0,
0x0,0,0,
0x0,0,0,
0x0,0,0,
0x0,0,0,
0x0,0,0,
0x0,0,0,
0x0,0,0,
0x0,0,0,
0x0,0,0,
0x0,0,0,
0x0,0,0,
0x0,0,0,
0x0,0,0,
0x0,0,0,
0x0,0,0,
0x0,0,0,
0x0,0,0,
0x0,0,0,
0x0,0,0,
0x0,0,0,
0x0,0,0,
0x0,0,0,
0x0,0,0,
0x0,0,0,
0x0,0,0,
0x0,0,0,
0x0,0,0,
0x0,0,0,
0x0,0,0,
0x0,0,0,
0x0,0,0,
0x0,0,0,
0x0,0,0,
0x0,0,0,
0x0,0,0,
0x0,0,0,
0x0,0,0,
0x0,0,0,
0x0,0,0,
0x0,0,0,
0x0,0,0,
0x0,0,0,
0x0,0,0,
0x0,0,0,
0x0,0,0,
0x0,0,0,
0x0,0,0,
0x0,0,0,
0x0,0,0,
0x0,0,0,
0x0,0,0,
0x0,0,0,
0x0,0,0,
0x0,0,0,
0x0,0,0,
0x0,0,0,
0x0,0,0,
0x0,0,0,
0x0,0,0,
0x0,0,0,
0x0,0,0,
0x0,0,0,
0x0,0,0,
0x0,0,0,
0x0,0,0,
0x0,0,0,
0x0,0,0,
0x0,0,0,
0x0,0,0,
0x0,0,0,
0x0,0,0,
0x0,0,0,
0x0,0,0,
0x0,0,0,
0x0,0,0,
0x0,0,0,
0x0,0,0,
0x0,0,0,
0x0,0,0,
0x0,0,0,
0x0,0,0,
0x0,0,0,
0x0,0,0,
0x0,0,0,
0x0,0,0,
0x0,0,0,
0x0,0,0,
0x0,0,0,
0x0,0,0,
0x0,0,0,
0x0,0,0,
0x0,0,0,
0x0,0,0,
0x0,0,0,
0x0,0,0,
0x0,0,0,
0x0,0,0,
0x0,0,0,
0x0,0,0,
0x0,0,0,
0x0,0,0,
0x0,0,0,
0x0,0,0,
0x0,0,0,
0x0,0,0,
0x0,0,0,
0x0,0,0,
0x0,0,0,
0x0,0,0,
0x0,0,0,
0x0,0,0,
0x0,0,0,
0x0,0,0,
0x0,0,0,
0x0,0,0,
0x0,0,0,
0x0,0,0,
0x0,0,0,
0x0,0,0,
0x0,0,0,
0x0,0,0,
0x0,0,0,
0x0,0,0,
0x0,0,0,
0x0,0,0,
0x0,0,0,
0x0,0,0,
0x0,0,0,
0x0,0,0,
0x0,0,0,
0x0,0,0,
0x0,0,0,
0x0,0,0,
0x0,0,0,
0x0,0,0,
0x0,0,0,
0x0,0,0,
0x0,0,0,
0x0,0,0,
0x0,0,0,
0x0,0,0,
0x0,0,0,
0x0,0,0,
0x0,0,0,
0x0,0,0,
0x0,0,0,
0x0,0,0,
0x0,0,0,
0x0,0,0,
0x0,0,0,
0x0,0,0,
0x0,0,0,
0x0,0,0,
0x0,0,0,
0x0,0,0,
0x0,0,0,
0x0,0,0,
0x0,0,0,
0x0,0,0,
0x0,0,0,
0x0,0,0,
0x0,0,0,
0x0,0,0,
0x0,0,0,
0x0,0,0,
0x0,0,0,
0x0,0,0,
0x0,0,0,
0x0,0,0,
0x0,0,0,
0x0,0,0,
0x0,0,0,
0x0,0,0,
0x0,0,0,
0x0,0,0,
0x0,0,0,
0x0,0,0,
0x0,0,0,
0x0,0,0,
0x0,0,0,
0x0,0,0,
0x0,0,0,
0x0,0,0,
0x0,0,0,
0x0,0,0,
0x0,0,0,
0x0,0,0,
0x0,0,0,
0x0,0,0,
0x0,0,0,
0x0,0,0,
0x0,0,0,
0x0,0,0,
0x0,0,0,
0x0,0,0,
0x0,0,0,
0x0,0,0,
0x0,0,0,
0x0,0,0,
0x0,0,0,
0x0,0,0,
0x0,0,0,
0x0,0,0,
0x0,0,0,
0x0,0,0,
0x0,0,0,
0x0,0,0,
0x0,0,0,
0x0,0,0,
0x0,0,0,
0x0,0,0,
0x0,0,0,
0x0,0,0,
0x0,0,0,
0x0,0,0,
0x0,0,0,
0x0,0,0,
0x0,0,0,
0x0,0,0,
0x0,0,0,
0x0,0,0,
0x0,0,0,
0x0,0,0,
0x0,0,0,
0x0,0,0,
0x0,0,0,
0x0,0,0,
0x0,0,0,
0x0,0,0,
0x0,0,0,
0x0,0,0,
0x0,0,0,
0x0,0,0,
0x0,0,0,
0x0,0,0,
0x0,0,0,
0x0,0,0,
0x0,0,0,
0x0,0,0,
0x0,0,0,
0x0,0,0,
0x0,0,0,
0x0,0,0,
0x0,0,0,
0x0,0,0,
0x0,0,0,
0x0,0,0,
0x0,0,0,
0x0,0,0,
0x0,0,0,
0x0,0,0,
0x0,0,0,
0x0,0,0,
0x0,0,0,
0x0,0,0,
0x0,0,0,
0x0,0,0,
0x0,0,0,
0x0,0,0,
0x0,0,0,
0x0,0,0,
0x0,0,0,
0x0,0,0,
0x0,0,0,
0x0,0,0,
0x0,0,0,
0x0,0,0,
0x0,0,0,
0x0,0,0,
0x0,0,0,
0x0,0,0,
0x0,0,0,
0x0,0,0,
0x0,0,0,
0x0,0,0,
0x0,0,0,
0x0,0,0,
0x0,0,0,
0x0,0,0,
0x0,0,0,
0x0,0,0,
0x0,0,0,
0x0,0,0,
0x0,0,0,
0x0,0,0,
0x0,0,0,
0x0,0,0,
0x0,0,0,
0x0,0,0,
0x0,0,0,
0x0,0,0,
0x0,0,0,
0x0,0,0,
0x0,0,0,
0x0,0,0,
0x0,0,0,
0x0,0,0,
0x0,0,0,
0x0,0,0,
0x0,0,0,
0x0,0,0,
0x0,0,0,
0x0,0,0,
0x0,0,0,
0x0,0,0,
0x0,0,0,
0x0,0,0,
0x0,0,0,
0x0,0,0,
0x0,0,0,
0x0,0,0,
0x0,0,0,
0x0,0,0,
0x0,0,0,
0x0,0,0,
0x0,0,0,
0x0,0,0,
0x0,0,0,
0x0,0,0,
0x0,0,0,
0x0,0,0,
0x0,0,0,
0x0,0,0,
0x0,0,0,
0x0,0,0,
0x0,0,0,
0x0,0,0,
0x0,0,0,
0x0,0,0,
0x0,0,0,
0x0,0,0,
0x0,0,0,
0x0,0,0,
0x0,0,0,
0x0,0,0,
0x0,0,0,
0x0,0,0,
0x0,0,0,
0x0,0,0,
0x0,0,0,
0x0,0,0,
0x0,0,0,
0x0,0,0,
0x0,0,0,
0x0,0,0,
0x0,0,0,
0x0,0,0,
0x0,0,0,
0x0,0,0,
0x0,0,0,
0x0,0,0,
0x0,0,0,
0x0,0,0,
0x0,0,0,
0x0,0,0,
0x0,0,0,
0x0,0,0,
0x0,0,0,
0x0,0,0,
0x0,0,0,
0x0,0,0,
0x0,0,0,
0x0,0,0,
0x0,0,0,
0x0,0,0,
0x0,0,0,
0x0,0,0,
0x0,0,0,
0x0,0,0,
0x0,0,0,
0x0,0,0,
0x0,0,0,
0x0,0,0,
0x0,0,0,
0x0,0,0,
0x0,0,0,
0x0,0,0,
0x0,0,0,
0x0,0,0,
0x0,0,0,
0x0,0,0,
0x0,0,0,
0x0,0,0,
0x0,0,0,
0x0,0,0,
0x0,0,0,
0x0,0,0,
0x0,0,0,
0x0,0,0,
0x0,0,0,
0x0,0,0,
0x0,0,0,
0x0,0,0,
0x0,0,0,
0x0,0,0,
0x0,0,0,
0x0,0,0,
0x0,0,0,
0x0,0,0,
0x0,0,0,
0x0,0,0,
0x0,0,0,
0x0,0,0,
0x0,0,0,
0x0,0,0,
0x0,0,0,
0x0,0,0,
0x0,0,0,
0x0,0,0,
0x0,0,0,
0x0,0,0,
0x0,0,0,
0x0,0,0,
0x0,0,0,
0x0,0,0,
0x0,0,0,
0x0,0,0,
0x0,0,0,
0x0,0,0,
0x0,0,0,
0x0,0,0,
0x0,0,0,
0x0,0,0,
0x0,0,0,
0x0,0,0,
0x0,0,0,
0x0,0,0,
0x0,0,0,
0x0,0,0,
0x0,0,0,
0x0,0,0,
0x0,0,0,
0x0,0,0,
0x0,0,0,
0x0,0,0,
0x0,0,0,
0x0,0,0,
0x0,0,0,
0x0,0,0,
0x0,0,0,
0x0,0,0,
0x0,0,0,
0x0,0,0,
0x0,0,0,
0x0,0,0,
0x0,0,0,
0x0,0,0,
0x0,0,0,
0x0,0,0,
0x0,0,0,
0x0,0,0,
0x0,0,0,
0x0,0,0,
0x0,0,0,
0x0,0,0,
0x0,0,0,
0x0,0,0,
0x0,0,0,
0x0,0,0,
0x0,0,0,
0x0,0,0,
0x0,0,0,
0x0,0,0,
0x0,0,0,
0x0,0,0,
0x0,0,0,
0x0,0,0,
0x0,0,0,
0x0,0,0,
0x0,0,0,
0x0,0,0,
0x0,0,0,
0x0,0,0,
0x0,0,0,
0x0,0,0,
0x0,0,0,
0x0,0,0,
0x0,0,0,
0x0,0,0,
0x0,0,0,
0x0,0,0,
0x0,0,0,
0x0,0,0,
0x0,0,0,
0x0,0,0,
0x0,0,0,
0x0,0,0,
0x0,0,0,
0x0,0,0,
0x0,0,0,
0x0,0,0,
0x0,0,0,
0x0,0,0,
0x0,0,0,
0x0,0,0,
0x0,0,0,
0x0,0,0,
0x0,0,0,
0x0,0,0,
0x0,0,0,
0x0,0,0,
0x0,0,0,
0x0,0,0,
0x0,0,0,
0x0,0,0,
0x0,0,0,
0x0,0,0,
0x0,0,0,
0x0,0,0,
0x0,0,0,
0x0,0,0,
0x0,0,0,
0x0,0,0,
0x0,0,0,
0x0,0,0,
0x0,0,0,
0x0,0,0,
0x0,0,0,
0x0,0,0,
0x0,0,0,
0x0,0,0,
0x0,0,0,
0x0,0,0,
0x0,0,0,
0x0,0,0,
0x0,0,0,
0x0,0,0,
0x0,0,0,
0x0,0,0,
0x0,0,0,
0x0,0,0,
0x0,0,0,
0x0,0,0,
0x0,0,0,
0x0,0,0,
0x0,0,0,
0x0,0,0,
0x0,0,0,
0x0,0,0,
0x0,0,0,
0x0,0,0,
0x0,0,0,
0x0,0,0,
0x0,0,0,
0x0,0,0,
0x0,0,0,
0x0,0,0,
0x0,0,0,
0x0,0,0,
0x0,0,0,
0x0,0,0,
0x0,0,0,
0x0,0,0,
0x0,0,0,
0x0,0,0,
0x0,0,0,
0x0,0,0,
0x0,0,0,
0x0,0,0,
0x0,0,0,
0x0,0,0,
0x0,0,0,
0x0,0,0,
0x0,0,0,
0x0,0,0,
0x0,0,0,
0x0,0,0,
0x0,0,0,
0x0,0,0,
0x0,0,0,
0x0,0,0,
0x0,0,0,
0x0,0,0,
0x0,0,0,
0x0,0,0,
0x0,0,0,
0x0,0,0,
0x0,0,0,
0x0,0,0,
0x0,0,0,
0x0,0,0,
0x0,0,0,
0x0,0,0,
0x0,0,0,
0x0,0,0,
0x0,0,0,
0x0,0,0,
0x0,0,0,
0x0,0,0,
0x0,0,0,
0x0,0,0,
0x0,0,0,
0x0,0,0,
0x0,0,0,
0x0,0,0,
0x0,0,0,
0x0,0,0,
0x0,0,0,
0x0,0,0,
0x0,0,0,
0x0,0,0,
0x0,0,0,
0x0,0,0,
0x0,0,0,
0x0,0,0,
0x0,0,0,
0x0,0,0,
0x0,0,0,
0x0,0,0,
0x0,0,0,
0x0,0,0,
0x0,0,0,
0x0,0,0,
0x0,0,0,
0x0,0,0,
0x0,0,0,
0x0,0,0,
0x0,0,0,
0x0,0,0,
0x0,0,0,
0x0,0,0,
0x0,0,0,
0x0,0,0,
0x0,0,0,
0x0,0,0,
0x0,0,0,
0x0,0,0,
0x0,0,0,
0x0,0,0,
0x0,0,0,
0x0,0,0,
0x0,0,0,
0x0,0,0,
0x0,0,0,
0x0,0,0,
0x0,0,0,
0x0,0,0,
0x0,0,0,
0x0,0,0,
0x0,0,0,
0x0,0,0,
0x0,0,0,
0x0,0,0,
0x0,0,0,
0x0,0,0,
0x0,0,0,
0x0,0,0,
0x0,0,0,
0x0,0,0,
0x0,0,0,
0x0,0,0,
0x0,0,0,
0x0,0,0,
0x0,0,0,
0x0,0,0,
0x0,0,0,
0x0,0,0,
0x0,0,0,
0x0,0,0,
0x0,0,0,
0x0,0,0,
0x0,0,0,
0x0,0,0,
0x0,0,0,
0x0,0,0,
0x0,0,0,
0x0,0,0,
0x0,0,0,
0x0,0,0,
0x0,0,0,
0x0,0,0,
0x0,0,0,
0x0,0,0,
0x0,0,0,
0x0,0,0,
0x0,0,0,
0x0,0,0,
0x0,0,0,
0x0,0,0,
0x0,0,0,
0x0,0,0,
0x0,0,0,
0x0,0,0,
0x0,0,0,
0x0,0,0,
0x0,0,0,
0x0,0,0,
0x0,0,0,
0x0,0,0,
0x0,0,0,
0x0,0,0,
0x0,0,0,
0x0,0,0,
0x0,0,0,
0x0,0,0,
0x0,0,0,
0x0,0,0,
0x0,0,0,
0x0,0,0,
0x0,0,0,
0x0,0,0,
0x0,0,0,
0x0,0,0,
0x0,0,0,
0x0,0,0,
0x0,0,0,
0x0,0,0,
0x0,0,0,
0x0,0,0,
0x0,0,0,
0x0,0,0,
0x0,0,0,
0x0,0,0,
0x0,0,0,
0x0,0,0,
0x0,0,0,
0x0,0,0,
0x0,0,0,
0x0,0,0,
0x0,0,0,
0x0,0,0,
0x0,0,0,
0x0,0,0,
0x0,0,0,
0x0,0,0,
0x0,0,0,
0x0,0,0,
0x0,0,0,
0x0,0,0,
0x0,0,0,
0x0,0,0,
0x0,0,0,
0x0,0,0,
0x0,0,0,
0x0,0,0,
0x0,0,0,
0x0,0,0,
0x0,0,0,
0x0,0,0,
0x0,0,0,
0x0,0,0,
0x0,0,0,
0x0,0,0,
0x0,0,0,
0x0,0,0,
0x0,0,0,
0x0,0,0,
0x0,0,0,
0x0,0,0,
0x0,0,0,
0x0,0,0,
0x0,0,0,
0x0,0,0,
0x0,0,0,
0x0,0,0,
0x0,0,0,
0x0,0,0,
0x0,0,0,
0x0,0,0,
0x0,0,0,
0x0,0,0,
0x0,0,0,
0x0,0,0,
0x0,0,0,
0x0,0,0,
0x0,0,0,
0x0,0,0,
0x0,0,0,
0x0,0,0,
0x0,0,0,
0x0,0,0,
0x0,0,0,
0x0,0,0,
0x0,0,0,
0x0,0,0,
0x0,0,0,
0x0,0,0,
0x0,0,0,
0x0,0,0,
0x0,0,0,
0x0,0,0,
0x0,0,0,
0x0,0,0,
0x0,0,0,
0x0,0,0,
0x0,0,0,
0x0,0,0,
0x0,0,0,
0x0,0,0,
0x0,0,0,
0x0,0,0,
0x0,0,0,
0x0,0,0,
0x0,0,0,
0x0,0,0,
0x0,0,0,
0x0,0,0,
0x0,0,0,
0x0,0,0,
0x0,0,0,
0x0,0,0,
0x0,0,0,
0x0,0,0,
0x0,0,0,
0x0,0,0,
0x0,0,0,
0x0,0,0,
0x0,0,0,
0x0,0,0,
0x0,0,0,
0x0,0,0,
0x0,0,0,
0x0,0,0,
0x0,0,0,
0x0,0,0,
0x0,0,0,
0x0,0,0,
0x0,0,0,
0x0,0,0,
0x0,0,0,
0x0,0,0,
0x0,0,0,
0x0,0,0,
0x0,0,0,
0x0,0,0,
0x0,0,0,
0x0,0,0,
0x0,0,0,
0x0,0,0,
0x0,0,0,
0x0,0,0,
0x0,0,0,
0x0,0,0,
0x0,0,0,
0x0,0,0,
0x0,0,0,
0x0,0,0,
0x0,0,0,
0x0,0,0,
0x0,0,0,
0x0,0,0,
0x0,0,0,
0x0,0,0,
0x0,0,0,
0x0,0,0,
0x0,0,0,
0x0,0,0,
0x0,0,0,
0x0,0,0,
0x0,0,0,
0x0,0,0,
0x0,0,0,
0x0,0,0,
0x0,0,0,
0x0,0,0,
0x0,0,0,
0x0,0,0,
0x0,0,0,
0x0,0,0,
0x0,0,0,
0x0,0,0,
0x0,0,0,
0x0,0,0,
0x0,0,0,
0x0,0,0,
0x0,0,0,
0x0,0,0,
0x0,0,0,
0x0,0,0,
0x0,0,0,
0x0,0,0,
0x0,0,0,
0x0,0,0,
0x0,0,0,
0x0,0,0,
0x0,0,0,
0x0,0,0,
0x0,0,0,
0x0,0,0,
0x0,0,0,
0x0,0,0,
0x0,0,0,
0x0,0,0,
0x0,0,0,
0x0,0,0,
0x0,0,0,
0x0,0,0,
0x0,0,0,
0x0,0,0,
0x0,0,0,
0x0,0,0,
0x0,0,0,
0x0,0,0,
0x0,0,0,
0x0,0,0,
0x0,0,0,
0x0,0,0,
0x0,0,0,
0x0,0,0,
0x0,0,0,
0x0,0,0,
0x0,0,0,
0x0,0,0,
0x0,0,0,
0x0,0,0,
0x0,0,0,
0x0,0,0,
0x0,0,0,
0x0,0,0,
0x0,0,0,
0x0,0,0,
0x0,0,0,
0x0,0,0,
0x0,0,0,
0x0,0,0,
0x0,0,0,
0x0,0,0,
0x0,0,0,
0x0,0,0,
0x0,0,0,
0x0,0,0,
0x0,0,0,
0x0,0,0,
0x0,0,0,
0x0,0,0,
0x0,0,0,
0x0,0,0,
0x0,0,0,
0x0,0,0,
0x0,0,0,
0x0,0,0,
0x0,0,0,
0x0,0,0,
0x0,0,0,
0x0,0,0,
0x0,0,0,
0x0,0,0,
0x0,0,0,
0x0,0,0,
0x0,0,0,
0x0,0,0,
0x0,0,0,
0x0,0,0,
0x0,0,0,
0x0,0,0,
0x0,0,0,
0x0,0,0,
0x0,0,0,
0x0,0,0,
0x0,0,0,
0x0,0,0,
0x0,0,0,
0x0,0,0,
0x0,0,0,
0x0,0,0,
0x0,0,0,
0x0,0,0,
0x0,0,0,
0x0,0,0,
0x0,0,0,
0x0,0,0,
0x0,0,0,
0x0,0,0,
0x0,0,0,
0x0,0,0,
0x0,0,0,
0x0,0,0,
0x0,0,0,
0x0,0,0,
0x0,0,0,
0x0,0,0,
0x0,0,0,
0x0,0,0,
0x0,0,0,
0x0,0,0,
0x0,0,0,
0x0,0,0,
0x0,0,0,
0x0,0,0,
0x0,0,0,
0x0,0,0,
0x0,0,0,
0x0,0,0,
0x0,0,0,
0x0,0,0,
0x0,0,0,
0x0,0,0,
0x0,0,0,
0x0,0,0,
0x0,0,0,
0x0,0,0,
0x0,0,0,
0x0,0,0,
0x0,0,0,
0x0,0,0,
0x0,0,0,
0x0,0,0,
0x0,0,0,
0x0,0,0,
0x0,0,0,
0x0,0,0,
0x0,0,0,
0x0,0,0,
0x0,0,0,
0x0,0,0,
0x0,0,0,
0x0,0,0,
0x0,0,0,
0x0,0,0,
0x0,0,0,
0x0,0,0,
0x0,0,0,
0x0,0,0,
0x0,0,0,
0x0,0,0,
0x0,0,0,
0x0,0,0,
0x0,0,0,
0x0,0,0,
0x0,0,0,
0x0,0,0,
0x0,0,0,
0x0,0,0,
0x0,0,0,
0x0,0,0,
0x0,0,0,
0x0,0,0,
0x0,0,0,
0x0,0,0,
0x0,0,0,
0x0,0,0,
0x0,0,0,
0x0,0,0,
0x0,0,0,
0x0,0,0,
0x0,0,0,
0x0,0,0,
0x0,0,0,
0x0,0,0,
0x0,0,0,
0x0,0,0,
0x0,0,0,
0x0,0,0,
0x0,0,0,
0x0,0,0,
0x0,0,0,
0x0,0,0,
0x0,0,0,
0x0,0,0,
0x0,0,0,
0x0,0,0,
0x0,0,0,
0x0,0,0,
0x0,0,0,
0x0,0,0,
0x0,0,0,
0x0,0,0,
0x0,0,0,
0x0,0,0,
0x0,0,0,
0x0,0,0,
0x0,0,0,
0x0,0,0,
0x0,0,0,
0x0,0,0,
0x0,0,0,
0x0,0,0,
0x0,0,0,
0x0,0,0,
0x0,0,0,
0x0,0,0,
0x0,0,0,
0x0,0,0,
0x0,0,0,
0x0,0,0,
0x0,0,0,
0x0,0,0,
0x0,0,0,
0x0,0,0,
0x0,0,0,
0x0,0,0,
0x0,0,0,
0x0,0,0,
0x0,0,0,
0x0,0,0,
0x0,0,0,
0x0,0,0,
0x0,0,0,
0x0,0,0,
0x0,0,0,
0x0,0,0,
0x0,0,0,
0x0,0,0,
0x0,0,0,
0x0,0,0,
0x0,0,0,
0x0,0,0,
0x0,0,0,
0x0,0,0,
0x0,0,0,
0x0,0,0,
0x0,0,0,
0x0,0,0,
0x0,0,0,
0x0,0,0,
0x0,0,0,
0x0,0,0,
0x0,0,0,
0x0,0,0,
0x0,0,0,
0x0,0,0,
0x0,0,0,
0x0,0,0,
0x0,0,0,
0x0,0,0,
0x0,0,0,
0x0,0,0,
0x0,0,0,
0x0,0,0,
0x0,0,0,
0x0,0,0,
0x0,0,0,
0x0,0,0,
0x0,0,0,
0x0,0,0,
0x0,0,0,
0x0,0,0,
0x0,0,0,
0x0,0,0,
0x0,0,0,
0x0,0,0,
0x0,0,0,
0x0,0,0,
0x0,0,0,
0x0,0,0,
0x0,0,0,
0x0,0,0,
0x0,0,0,
0x0,0,0,
0x0,0,0,
0x0,0,0,
0x0,0,0,
0x0,0,0,
0x0,0,0,
0x0,0,0,
0x0,0,0,
0x0,0,0,
0x0,0,0,
0x0,0,0,
0x0,0,0,
0x0,0,0,
0x0,0,0,
0x0,0,0,
0x0,0,0,
0x0,0,0,
0x0,0,0,
0x0,0,0,
0x0,0,0,
0x0,0,0,
0x0,0,0,
0x0,0,0,
0x0,0,0,
0x0,0,0,
0x0,0,0,
0x0,0,0,
0x0,0,0,
0x0,0,0,
0x0,0,0,
0x0,0,0,
0x0,0,0,
0x0,0,0,
0x0,0,0,
0x0,0,0,
0x0,0,0,
0x0,0,0,
0x0,0,0,
0x0,0,0,
0x0,0,0,
0x0,0,0,
0x0,0,0,
0x0,0,0,
0x0,0,0,
0x0,0,0,
0x0,0,0,
0x0,0,0,
0x0,0,0,
0x0,0,0,
0x0,0,0,
0x0,0,0,
0x0,0,0,
0x0,0,0,
0x0,0,0,
0x0,0,0,
0x0,0,0,
0x0,0,0,
0x0,0,0,
0x0,0,0,
0x0,0,0,
0x0,0,0,
0x0,0,0,
0x0,0,0,
0x0,0,0,
0x0,0,0,
0x0,0,0,
0x0,0,0,
0x0,0,0,
0x0,0,0,
0x0,0,0,
0x0,0,0,
0x0,0,0,
0x0,0,0,
0x0,0,0,
0x0,0,0,
0x0,0,0,
0x0,0,0,
0x0,0,0,
0x0,0,0,
0x0,0,0,
0x0,0,0,
0x0,0,0,
0x0,0,0,
0x0,0,0,
0x0,0,0,
0x0,0,0,
0x0,0,0,
0x0,0,0,
0x0,0,0,
0x0,0,0,
0x0,0,0,
0x0,0,0,
0x0,0,0,
0x0,0,0,
0x0,0,0,
0x0,0,0,
0x0,0,0,
0x0,0,0,
0x0,0,0,
0x0,0,0,
0x0,0,0,
0x0,0,0,
0x0,0,0,
0x0,0,0,
0x0,0,0,
0x0,0,0,
0x0,0,0,
0x0,0,0,
0x0,0,0,
0x0,0,0,
0x0,0,0,
0x0,0,0,
0x0,0,0,
0x0,0,0,
0x0,0,0,
0x0,0,0,
0x0,0,0,
0x0,0,0,
0x0,0,0,
0x0,0,0,
0x0,0,0,
0x0,0,0,
0x0,0,0,
0x0,0,0,
0x0,0,0,
0x0,0,0,
0x0,0,0,
0x0,0,0,
0x0,0,0,
0x0,0,0,
0x0,0,0,
0x0,0,0,
0x0,0,0,
0x0,0,0,
0x0,0,0,
0x0,0,0,
0x0,0,0,
0x0,0,0,
0x0,0,0,
0x0,0,0,
0x0,0,0,
0x0,0,0,
0x0,0,0,
0x0,0,0,
0x0,0,0,
0x0,0,0,
0x0,0,0,
0x0,0,0,
0x0,0,0,
0x0,0,0,
0x0,0,0,
0x0,0,0,
0x0,0,0,
0x0,0,0,
0x0,0,0,
0x0,0,0,
0x0,0,0,
0x0,0,0,
0x0,0,0,
0x0,0,0,
0x0,0,0,
0x0,0,0,
0x0,0,0,
0x0,0,0,
0x0,0,0,
0x0,0,0,
0x0,0,0,
0x0,0,0,
0x0,0,0,
0x0,0,0,
0x0,0,0,
0x0,0,0,
0x0,0,0,
0x0,0,0,
0x0,0,0,
0x0,0,0,
0x0,0,0,
0x0,0,0,
0x0,0,0,
0x0,0,0,
0x0,0,0,
0x0,0,0,
0x0,0,0,
0x0,0,0,
0x0,0,0,
0x0,0,0,
0x0,0,0,
0x0,0,0,
0x0,0,0,
0x0,0,0,
0x0,0,0,
0x0,0,0,
0x0,0,0,
0x0,0,0,
0x0,0,0,
0x0,0,0,
0x0,0,0,
0x0,0,0,
0x0,0,0,
0x0,0,0,
0x0,0,0,
0x0,0,0,
0x0,0,0,
0x0,0,0,
0x0,0,0,
0x0,0,0,
0x0,0,0,
0x0,0,0,
0x0,0,0,
0x0,0,0,
0x0,0,0,
0x0,0,0,
0x0,0,0,
0x0,0,0,
0x0,0,0,
0x0,0,0,
0x0,0,0,
0x0,0,0,
0x0,0,0,
0x0,0,0,
0x0,0,0,
0x0,0,0,
0x0,0,0,
0x0,0,0,
0x0,0,0,
0x0,0,0,
0x0,0,0,
0x0,0,0,
0x0,0,0,
0x0,0,0,
0x0,0,0,
0x0,0,0,
0x0,0,0,
0x0,0,0,
0x0,0,0,
0x0,0,0,
0x0,0,0,
0x0,0,0,
0x0,0,0,
0x0,0,0,
0x0,0,0,
0x0,0,0,
0x0,0,0,
0x0,0,0,
0x0,0,0,
0x0,0,0,
0x0,0,0,
0x0,0,0,
0x0,0,0,
0x0,0,0,
0x0,0,0,
0x0,0,0,
0x0,0,0,
0x0,0,0,
0x0,0,0,
0x0,0,0,
0x0,0,0,
0x0,0,0,
0x0,0,0,
0x0,0,0,
0x0,0,0,
0x0,0,0,
0x0,0,0,
0x0,0,0,
0x0,0,0,
0x0,0,0,
0x0,0,0,
0x0,0,0,
0x0,0,0,
0x0,0,0,
0x0,0,0,
0x0,0,0,
0x0,0,0,
0x0,0,0,
0x0,0,0,
0x0,0,0,
0x0,0,0,
0x0,0,0,
0x0,0,0,
0x0,0,0,
0x0,0,0,
0x0,0,0,
0x0,0,0,
0x0,0,0,
0x0,0,0,
0x0,0,0,
0x0,0,0,
0x0,0,0,
0x0,0,0,
0x0,0,0,
0x0,0,0,
0x0,0,0,
0x0,0,0,
0x0,0,0,
0x0,0,0,
0x0,0,0,
0x0,0,0,
0x0,0,0,
0x0,0,0,
0x0,0,0,
0x0,0,0,
0x0,0,0,
0x0,0,0,
0x0,0,0,
0x0,0,0,
0x0,0,0,
0x0,0,0,
0x0,0,0,
0x0,0,0,
0x0,0,0,
0x0,0,0,
0x0,0,0,
0x0,0,0,
0x0,0,0,
0x0,0,0,
0x0,0,0,
0x0,0,0,
0x0,0,0,
0x0,0,0,
0x0,0,0,
0x0,0,0,
0x0,0,0,
0x0,0,0,
0x0,0,0,
0x0,0,0,
0x0,0,0,
0x0,0,0,
0x0,0,0,
0x0,0,0,
0x0,0,0,
0x0,0,0,
0x0,0,0,
0x0,0,0,
0x0,0,0,
0x0,0,0,
0x0,0,0,
0x0,0,0,
0x0,0,0,
0x0,0,0,
0x0,0,0,
0x0,0,0,
0x0,0,0,
0x0,0,0,
0x0,0,0,
0x0,0,0,
0x0,0,0,
0x0,0,0,
0x0,0,0,
0x0,0,0,
0x0,0,0,
0x0,0,0,
0x0,0,0,
0x0,0,0,
0x0,0,0,
0x0,0,0,
0x0,0,0,
0x0,0,0,
0x0,0,0,
0x0,0,0,
0x0,0,0,
0x0,0,0,
0x0,0,0,
0x0,0,0,
0x0,0,0,
0x0,0,0,
0x0,0,0,
0x0,0,0,
0x0,0,0,
0x0,0,0,
0x0,0,0,
0x0,0,0,
0x0,0,0,
0x0,0,0,
0x0,0,0,
0x0,0,0,
0x0,0,0,
0x0,0,0,
0x0,0,0,
0x0,0,0,
0x0,0,0,
0x0,0,0,
0x0,0,0,
0x0,0,0,
0x0,0,0,
0x0,0,0,
0x0,0,0,
0x0,0,0,
0x0,0,0,
0x0,0,0,
0x0,0,0,
0x0,0,0,
0x0,0,0,
0x0,0,0,
0x0,0,0,
0x0,0,0,
0x0,0,0,
0x0,0,0,
0x0,0,0,
0x0,0,0,
0x0,0,0,
0x0,0,0,
0x0,0,0,
0x0,0,0,
0x0,0,0,
0x0,0,0,
0x0,0,0,
0x0,0,0,
0x0,0,0,
0x0,0,0,
0x0,0,0,
0x0,0,0,
0x0,0,0,
0x0,0,0,
0x0,0,0,
0x0,0,0,
0x0,0,0,
0x0,0,0,
0x0,0,0,
0x0,0,0,
0x0,0,0,
0x0,0,0,
0x0,0,0,
0x0,0,0,
0x0,0,0,
0x0,0,0,
0x0,0,0,
0x0,0,0,
0x0,0,0,
0x0,0,0,
0x0,0,0,
0x0,0,0,
0x0,0,0,
0x0,0,0,
0x0,0,0,
0x0,0,0,
0x0,0,0,
0x0,0,0,
0x0,0,0,
0x0,0,0,
0x0,0,0,
0x0,0,0,
0x0,0,0,
0x0,0,0,
0x0,0,0,
0x0,0,0,
0x0,0,0,
0x0,0,0,
0x0,0,0,
0x0,0,0,
0x0,0,0,
0x0,0,0,
0x0,0,0,
0x0,0,0,
0x0,0,0,
0x0,0,0,
0x0,0,0,
0x0,0,0,
0x0,0,0,
0x0,0,0,
0x0,0,0,
0x0,0,0,
0x0,0,0,
0x0,0,0,
0x0,0,0,
0x0,0,0,
0x0,0,0,
0x0,0,0,
0x0,0,0,
0x0,0,0,
0x0,0,0,
0x0,0,0,
0x0,0,0,
0x0,0,0,
0x0,0,0,
0x0,0,0,
0x0,0,0,
0x0,0,0,
0x0,0,0,
0x0,0,0,
0x0,0,0,
0x0,0,0,
0x0,0,0,
0x0,0,0,
0x0,0,0,
0x0,0,0,
0x0,0,0,
0x0,0,0,
0x0,0,0,
0x0,0,0,
0x0,0,0,
0x0,0,0,
0x0,0,0,
0x0,0,0,
0x0,0,0,
0x0,0,0,
0x0,0,0,
0x0,0,0,
0x0,0,0,
0x0,0,0,
0x0,0,0,
0x0,0,0,
0x0,0,0,
0x0,0,0,
0x0,0,0,
0x0,0,0,
0x0,0,0,
0x0,0,0,
0x0,0,0,
0x0,0,0,
0x0,0,0,
0x0,0,0,
0x0,0,0,
0x0,0,0,
0x0,0,0,
0x0,0,0,
0x0,0,0,
0x0,0,0,
0x0,0,0,
0x0,0,0,
0x0,0,0,
0x0,0,0,
0x0,0,0,
0x0,0,0,
0x0,0,0,
0x0,0,0,
0x0,0,0,
0x0,0,0,
0x0,0,0,
0x0,0,0,
0x0,0,0,
0x0,0,0,
0x0,0,0,
0x0,0,0,
0x0,0,0,
0x0,0,0,
0x0,0,0,
0x0,0,0,
0x0,0,0,
0x0,0,0,
0x0,0,0,
0x0,0,0,
0x0,0,0,
0x0,0,0,
0x0,0,0,
0x0,0,0,
0x0,0,0,
0x0,0,0,
0x0,0,0,
0x0,0,0,
0x0,0,0,
0x0,0,0,
0x0,0,0,
0x0,0,0,
0x0,0,0,
0x0,0,0,
0x0,0,0,
0x0,0,0,
0x0,0,0,
0x0,0,0,
0x0,0,0,
0x0,0,0,
0x0,0,0,
0x0,0,0,
0x0,0,0,
0x0,0,0,
0x0,0,0,
0x0,0,0,
0x0,0,0,
0x0,0,0,
0x0,0,0,
0x0,0,0,
0x0,0,0,
0x0,0,0,
0x0,0,0,
0x0,0,0,
0x0,0,0,
0x0,0,0,
0x0,0,0,
0x0,0,0,
0x0,0,0,
0x0,0,0,
0x0,0,0,
0x0,0,0,
0x0,0,0,
0x0,0,0,
0x0,0,0,
0x0,0,0,
0x0,0,0,
0x0,0,0,
0x0,0,0,
0x0,0,0,
0x0,0,0,
0x0,0,0,
0x0,0,0,
0x0,0,0,
0x0,0,0,
0x0,0,0,
0x0,0,0,
0x0,0,0,
0x0,0,0,
0x0,0,0,
0x0,0,0,
0x0,0,0,
0x0,0,0,
0x0,0,0,
0x0,0,0,
0x0,0,0,
0x0,0,0,
0x0,0,0,
0x0,0,0,
0x0,0,0,
0x0,0,0,
0x0,0,0,
0x0,0,0,
0x0,0,0,
0x0,0,0,
0x0,0,0,
0x0,0,0,
0x0,0,0,
0x0,0,0,
0x0,0,0,
0x0,0,0,
0x0,0,0,
0x0,0,0,
0x0,0,0,
0x0,0,0,
0x0,0,0,
0x0,0,0,
0x0,0,0,
0x0,0,0,
0x0,0,0,
0x0,0,0,
0x0,0,0,
0x0,0,0,
0x0,0,0,
0x0,0,0,
0x0,0,0,
0x0,0,0,
0x0,0,0,
0x0,0,0,
0x0,0,0,
0x0,0,0,
0x0,0,0,
0x0,0,0,
0x0,0,0,
0x0,0,0,
0x0,0,0,
0x0,0,0,
0x0,0,0,
0x0,0,0,
0x0,0,0,
0x0,0,0,
0x0,0,0,
0x0,0,0,
0x0,0,0,
0x0,0,0,
0x0,0,0,
0x0,0,0,
0x0,0,0,
0x0,0,0,
0x0,0,0,
0x0,0,0,
0x0,0,0,
0x0,0,0,
0x0,0,0,
0x0,0,0,
0x0,0,0,
0x0,0,0,
0x0,0,0,
0x0,0,0,
0x0,0,0,
0x0,0,0,
0x0,0,0,
0x0,0,0,
0x0,0,0,
0x0,0,0,
0x0,0,0,
0x0,0,0,
0x0,0,0,
0x0,0,0,
0x0,0,0,
0x0,0,0,
0x0,0,0,
0x0,0,0,
0x0,0,0,
0x0,0,0,
0x0,0,0,
0x0,0,0,
0x0,0,0,
0x0,0,0,
0x0,0,0,
0x0,0,0,
0x0,0,0,
0x0,0,0,
0x0,0,0,
0x0,0,0,
0x0,0,0,
0x0,0,0,
0x0,0,0,
0x0,0,0,
0x0,0,0,
0x0,0,0,
0x0,0,0,
0x0,0,0,
0x0,0,0,
0x0,0,0,
0x0,0,0,
0x0,0,0,
0x0,0,0,
0x0,0,0,
0x0,0,0,
0x0,0,0,
0x0,0,0,
0x0,0,0,
0x0,0,0,
0x0,0,0,
0x0,0,0,
0x0,0,0,
0x0,0,0,
0x0,0,0,
0x0,0,0,
0x0,0,0,
0x0,0,0,
0x0,0,0,
0x0,0,0,
0x0,0,0,
0x0,0,0,
0x0,0,0,
0x0,0,0,
0x0,0,0,
0x0,0,0,
0x0,0,0,
0x0,0,0,
0x0,0,0,
0x0,0,0,
0x0,0,0,
0x0,0,0,
0x0,0,0,
0x0,0,0,
0x0,0,0,
0x0,0,0,
0x0,0,0,
0x0,0,0,
0x0,0,0,
0x0,0,0,
0x0,0,0,
0x0,0,0,
0x0,0,0,
0x0,0,0,
0x0,0,0,
0x0,0,0,
0x0,0,0,
0x0,0,0,
0x0,0,0,
0x0,0,0,
0x0,0,0,
0x0,0,0,
0x0,0,0,
0x0,0,0,
0x0,0,0,
0x0,0,0,
0x0,0,0,
0x0,0,0,
0x0,0,0,
0x0,0,0,
0x0,0,0,
0x0,0,0,
0x0,0,0,
0x0,0,0,
0x0,0,0,
0x0,0,0,
0x0,0,0,
0x0,0,0,
0x0,0,0,
0x0,0,0,
0x0,0,0,
0x0,0,0,
0x0,0,0,
0x0,0,0,
0x0,0,0,
0x0,0,0,
0x0,0,0,
0x0,0,0,
0x0,0,0,
0x0,0,0,
0x0,0,0,
0x0,0,0,
0x0,0,0,
0x0,0,0,
0x0,0,0,
0x0,0,0,
0x0,0,0,
0x0,0,0,
0x0,0,0,
0x0,0,0,
0x0,0,0,
0x0,0,0,
0x0,0,0,
0x0,0,0,
0x0,0,0,
0x0,0,0,
0x0,0,0,
0x0,0,0,
0x0,0,0,
0x0,0,0,
0x0,0,0,
0x0,0,0,
0x0,0,0,
0x0,0,0,
0x0,0,0,
0x0,0,0,
0x0,0,0,
0x0,0,0,
0x0,0,0,
0x0,0,0,
0x0,0,0,
0x0,0,0,
0x0,0,0,
0x0,0,0,
0x0,0,0,
0x0,0,0,
0x0,0,0,
0x0,0,0,
0x0,0,0,
0x0,0,0,
0x0,0,0,
0x0,0,0,
0x0,0,0,
0x0,0,0,
0x0,0,0,
0x0,0,0,
0x0,0,0,
0x0,0,0,
0x0,0,0,
0x0,0,0,
0x0,0,0,
0x0,0,0,
0x0,0,0,
0x0,0,0,
0x0,0,0,
0x0,0,0,
0x0,0,0,
0x0,0,0,
0x0,0,0,
0x0,0,0,
0x0,0,0,
0x0,0,0,
0x0,0,0,
0x0,0,0,
0x0,0,0,
0x0,0,0,
0x0,0,0,
0x0,0,0,
0x0,0,0,
0x0,0,0,
0x0,0,0,
0x0,0,0,
0x0,0,0,
0x0,0,0,
0x0,0,0,
0x0,0,0,
0x0,0,0,
0x0,0,0,
0x0,0,0,
0x0,0,0,
0x0,0,0,
0x0,0,0,
0x0,0,0,
0x0,0,0,
0x0,0,0,
0x0,0,0,
0x0,0,0,
0x0,0,0,
0x0,0,0,
0x0,0,0,
0x0,0,0,
0x0,0,0,
0x0,0,0,
0x0,0,0,
0x0,0,0,
0x0,0,0,
0x0,0,0,
0x0,0,0,
0x0,0,0,
0x0,0,0,
0x0,0,0,
0x0,0,0,
0x0,0,0,
0x0,0,0,
0x0,0,0,
0x0,0,0,
0x0,0,0,
0x0,0,0,
0x0,0,0,
0x0,0,0,
0x0,0,0,
0x0,0,0,
0x0,0,0,
0x0,0,0,
0x0,0,0,
0x0,0,0,
0x0,0,0,
0x0,0,0,
0x0,0,0,
0x0,0,0,
0x0,0,0,
0x0,0,0,
0x0,0,0,
0x0,0,0,
0x0,0,0,
0x0,0,0,
0x0,0,0,
0x0,0,0,
0x0,0,0,
0x0,0,0,
0x0,0,0,
0x0,0,0,
0x0,0,0,
0x0,0,0,
0x0,0,0,
0x0,0,0,
0x0,0,0,
0x0,0,0,
0x0,0,0,
0x0,0,0,
0x0,0,0,
0x0,0,0,
0x0,0,0,
0x0,0,0,
0x0,0,0,
0x0,0,0,
0x0,0,0,
0x0,0,0,
0x0,0,0,
0x0,0,0,
0x0,0,0,
0x0,0,0,
0x0,0,0,
0x0,0,0,
0x0,0,0,
0x0,0,0,
0x0,0,0,
0x0,0,0,
0x0,0,0,
0x0,0,0,
0x0,0,0,
0x0,0,0,
0x0,0,0,
0x0,0,0,
0x0,0,0,
0x0,0,0,
0x0,0,0,
0x0,0,0,
0x0,0,0,
0x0,0,0,
0x0,0,0,
0x0,0,0,
0x0,0,0,
0x0,0,0,
0x0,0,0,
0x0,0,0,
0x0,0,0,
0x0,0,0,
0x0,0,0,
0x0,0,0,
0x0,0,0,
0x0,0,0,
0x0,0,0,
0x0,0,0,
0x0,0,0,
0x0,0,0,
0x0,0,0,
0x0,0,0,
0x0,0,0,
0x0,0,0,
0x0,0,0,
0x0,0,0,
0x0,0,0,
0x0,0,0,
0x0,0,0,
0x0,0,0,
0x0,0,0,
0x0,0,0,
0x0,0,0,
0x0,0,0,
0x0,0,0,
0x0,0,0,
0x0,0,0,
0x0,0,0,
0x0,0,0,
0x0,0,0,
0x0,0,0,
0x0,0,0,
0x0,0,0,
0x0,0,0,
0x0,0,0,
0x0,0,0,
0x0,0,0,
0x0,0,0,
0x0,0,0,
0x0,0,0,
0x0,0,0,
0x0,0,0,
0x0,0,0,
0x0,0,0,
0x0,0,0,
0x0,0,0,
0x0,0,0,
0x0,0,0,
0x0,0,0,
0x0,0,0,
0x0,0,0,
0x0,0,0,
0x0,0,0,
0x0,0,0,
0x0,0,0,
0x0,0,0,
0x0,0,0,
0x0,0,0,
0x0,0,0,
0x0,0,0,
0x0,0,0,
0x0,0,0,
0x0,0,0,
0x0,0,0,
0x0,0,0,
0x0,0,0,
0x0,0,0,
0x0,0,0,
0x0,0,0,
0x0,0,0,
0x0,0,0,
0x0,0,0,
0x0,0,0,
0x0,0,0,
0x0,0,0,
0x0,0,0,
0x0,0,0,
0x0,0,0,
0x0,0,0,
0x0,0,0,
0x0,0,0,
0x0,0,0,
0x0,0,0,
0x0,0,0,
0x0,0,0,
0x0,0,0,
0x0,0,0,
0x0,0,0,
0x0,0,0,
0x0,0,0,
0x0,0,0,
0x0,0,0,
0x0,0,0,
0x0,0,0,
0x0,0,0,
0x0,0,0,
0x0,0,0,
0x0,0,0,
0x0,0,0,
0x0,0,0,
0x0,0,0,
0x0,0,0,
0x0,0,0,
0x0,0,0,
0x0,0,0,
0x0,0,0,
0x0,0,0,
0x0,0,0,
0x0,0,0,
0x0,0,0,
0x0,0,0,
0x0,0,0,
0x0,0,0,
0x0,0,0,
0x0,0,0,
0x0,0,0,
0x0,0,0,
0x0,0,0,
0x0,0,0,
0x0,0,0,
0x0,0,0,
0x0,0,0,
0x0,0,0,
0x0,0,0,
0x0,0,0,
0x0,0,0,
0x0,0,0,
0x0,0,0,
0x0,0,0,
0x0,0,0,
0x0,0,0,
0x0,0,0,
0x0,0,0,
0x0,0,0,
0x0,0,0,
0x0,0,0,
0x0,0,0,
0x0,0,0,
0x0,0,0,
0x0,0,0,
0x0,0,0,
0x0,0,0,
0x0,0,0,
0x0,0,0,
0x0,0,0,
0x0,0,0,
0x0,0,0,
0x0,0,0,
0x0,0,0,
0x0,0,0,
0x0,0,0,
0x0,0,0,
0x0,0,0,
0x0,0,0,
0x0,0,0,
0x0,0,0,
0x0,0,0,
0x0,0,0,
0x0,0,0,
0x0,0,0,
0x0,0,0,
0x0,0,0,
0x0,0,0,
0x0,0,0,
0x0,0,0,
0x0,0,0,
0x0,0,0,
0x0,0,0,
0x0,0,0,
0x0,0,0,
0x0,0,0,
0x0,0,0,
0x0,0,0,
0x0,0,0,
0x0,0,0,
0x0,0,0,
0x0,0,0,
0x0,0,0,
0x0,0,0,
0x0,0,0,
0x0,0,0,
0x0,0,0,
0x0,0,0,
0x0,0,0,
0x0,0,0,
0x0,0,0,
0x0,0,0,
0x0,0,0,
0x0,0,0,
0x0,0,0,
0x0,0,0,
0x0,0,0,
0x0,0,0,
0x0,0,0,
0x0,0,0,
0x0,0,0,
0x0,0,0,
0x0,0,0,
0x0,0,0,
0x0,0,0,
0x0,0,0,
0x0,0,0,
0x0,0,0,
0x0,0,0,
0x0,0,0,
0x0,0,0,
0x0,0,0,
0x0,0,0,
0x0,0,0,
0x0,0,0,
0x0,0,0,
0x0,0,0,
0x0,0,0,
0x0,0,0,
0x0,0,0,
0x0,0,0,
0x0,0,0,
0x0,0,0,
0x0,0,0,
0x0,0,0,
0x0,0,0,
0x0,0,0,
0x0,0,0,
0x0,0,0,
0x0,0,0,
0x0,0,0,
0x0,0,0,
0x0,0,0,
0x0,0,0,
0x0,0,0,
0x0,0,0,
0x0,0,0,
0x0,0,0,
0x0,0,0,
0x0,0,0,
0x0,0,0,
0x0,0,0,
0x0,0,0,
0x0,0,0,
0x0,0,0,
0x0,0,0,
0x0,0,0,
0x0,0,0,
0x0,0,0,
0x0,0,0,
0x0,0,0,
0x0,0,0,
0x0,0,0,
0x0,0,0,
0x0,0,0,
0x0,0,0,
0x0,0,0,
0x0,0,0,
0x0,0,0,
0x0,0,0,
0x0,0,0,
0x0,0,0,
0x0,0,0,
0x0,0,0,
0x0,0,0,
0x0,0,0,
0x0,0,0,
0x0,0,0,
0x0,0,0,
0x0,0,0,
0x0,0,0,
0x0,0,0,
0x0,0,0,
0x0,0,0,
0x0,0,0,
0x0,0,0,
0x0,0,0,
0x0,0,0,
0x0,0,0,
0x0,0,0,
0x0,0,0,
0x0,0,0,
0x0,0,0,
0x0,0,0,
0x0,0,0,
0x0,0,0,
0x0,0,0,
0x0,0,0,
0x0,0,0,
0x0,0,0,
0x0,0,0,
0x0,0,0,
0x0,0,0,
0x0,0,0,
0x0,0,0,
0x0,0,0,
0x0,0,0,
0x0,0,0,
0x0,0,0,
0x0,0,0,
0x0,0,0,
0x0,0,0,
0x0,0,0,
0x0,0,0,
0x0,0,0,
0x0,0,0,
0x0,0,0,
0x0,0,0,
0x0,0,0,
0x0,0,0,
0x0,0,0,
0x0,0,0,
0x0,0,0,
0x0,0,0,
0x0,0,0,
0x0,0,0,
0x0,0,0,
0x0,0,0,
0x0,0,0,
0x0,0,0,
0x0,0,0,
0x0,0,0,
0x0,0,0,
0x0,0,0,
0x0,0,0,
0x0,0,0,
0x0,0,0,
0x0,0,0,
0x0,0,0,
0x0,0,0,
0x0,0,0,
0x0,0,0,
0x0,0,0,
0x0,0,0,
0x0,0,0,
0x0,0,0,
0x0,0,0,
0x0,0,0,
0x0,0,0,
0x0,0,0,
0x0,0,0,
0x0,0,0,
0x0,0,0,
0x0,0,0,
0x0,0,0,
0x0,0,0,
0x0,0,0,
0x0,0,0,
0x0,0,0,
0x0,0,0,
0x0,0,0,
0x0,0,0,
0x0,0,0,
0x0,0,0,
0x0,0,0,
0x0,0,0,
0x0,0,0,
0x0,0,0,
0x0,0,0,
0x0,0,0,
0x0,0,0,
0x0,0,0,
0x0,0,0,
0x0,0,0,
0x0,0,0,
0x0,0,0,
0x0,0,0,
0x0,0,0,
0x0,0,0,
0x0,0,0,
0x0,0,0,
0x0,0,0,
0x0,0,0,
0x0,0,0,
0x0,0,0,
0x0,0,0,
0x0,0,0,
0x0,0,0,
0x0,0,0,
0x0,0,0,
0x0,0,0,
0x0,0,0,
0x0,0,0,
0x0,0,0,
0x0,0,0,
0x0,0,0,
0x0,0,0,
0x0,0,0,
0x0,0,0,
0x0,0,0,
0x0,0,0,
0x0,0,0,
0x0,0,0,
0x0,0,0,
0x0,0,0,
0x0,0,0,
0x0,0,0,
0x0,0,0,
0x0,0,0,
0x0,0,0,
0x0,0,0,
0x0,0,0,
0x0,0,0,
0x0,0,0,
0x0,0,0,
0x0,0,0,
0x0,0,0,
0x0,0,0,
0x0,0,0,
0x0,0,0,
0x0,0,0,
0x0,0,0,
0x0,0,0,
0x0,0,0,
0x0,0,0,
0x0,0,0,
0x0,0,0,
0x0,0,0,
0x0,0,0,
0x0,0,0,
0x0,0,0,
0x0,0,0,
0x0,0,0,
0x0,0,0,
0x0,0,0,
0x0,0,0,
0x0,0,0,
0x0,0,0,
0x0,0,0,
0x0,0,0,
0x0,0,0,
0x0,0,0,
0x0,0,0,
0x0,0,0,
0x0,0,0,
0x0,0,0,
0x0,0,0,
0x0,0,0,
0x0,0,0,
0x0,0,0,
0x0,0,0,
0x0,0,0,
0x0,0,0,
0x0,0,0,
0x0,0,0,
0x0,0,0,
0x0,0,0,
0x0,0,0,
0x0,0,0,
0x0,0,0,
0x0,0,0,
0x0,0,0,
0x0,0,0,
0x0,0,0,
0x0,0,0,
0x0,0,0,
0x0,0,0,
0x0,0,0,
0x0,0,0,
0x0,0,0,
0x0,0,0,
0x0,0,0,
0x0,0,0,
0x0,0,0,
0x0,0,0,
0x0,0,0,
0x0,0,0,
0x0,0,0,
0x0,0,0,
0x0,0,0,
0x0,0,0,
0x0,0,0,
0x0,0,0,
0x0,0,0,
0x0,0,0,
0x0,0,0,
0x0,0,0,
0x0,0,0,
0x0,0,0,
0x0,0,0,
0x0,0,0,
0x0,0,0,
0x0,0,0,
0x0,0,0,
0x0,0,0,
0x0,0,0,
0x0,0,0,
0x0,0,0,
0x0,0,0,
0x0,0,0,
0x0,0,0,
0x0,0,0,
0x0,0,0,
0x0,0,0,
0x0,0,0,
0x0,0,0,
0x0,0,0,
0x0,0,0,
0x0,0,0,
0x0,0,0,
0x0,0,0,
0x0,0,0,
0x0,0,0,
0x0,0,0,
0x0,0,0,
0x0,0,0,
0x0,0,0,
0x0,0,0,
0x0,0,0,
0x0,0,0,
0x0,0,0,
0x0,0,0,
0x0,0,0,
0x0,0,0,
0x0,0,0,
0x0,0,0,
0x0,0,0,
0x0,0,0,
0x0,0,0,
0x0,0,0,
0x0,0,0,
0x0,0,0,
0x0,0,0,
0x0,0,0,
0x0,0,0,
0x0,0,0,
0x0,0,0,
0x0,0,0,
0x0,0,0,
0x0,0,0,
0x0,0,0,
0x0,0,0,
0x0,0,0,
0x0,0,0,
0x0,0,0,
0x0,0,0,
0x0,0,0,
0x0,0,0,
0x0,0,0,
0x0,0,0,
0x0,0,0,
0x0,0,0,
0x0,0,0,
0x0,0,0,
0x0,0,0,
0x0,0,0,
0x0,0,0,
0x0,0,0,
0x0,0,0,
0x0,0,0,
0x0,0,0,
0x0,0,0,
0x0,0,0,
0x0,0,0,
0x0,0,0,
0x0,0,0,
0x0,0,0,
0x0,0,0,
0x0,0,0,
0x0,0,0,
0x0,0,0,
0x0,0,0,
0x0,0,0,
0x0,0,0,
0x0,0,0,
0x0,0,0,
0x0,0,0,
0x0,0,0,
0x0,0,0,
0x0,0,0,
0x0,0,0,
0x0,0,0,
0x0,0,0,
0x0,0,0,
0x0,0,0,
0x0,0,0,
0x0,0,0,
0x0,0,0,
0x0,0,0,
0x0,0,0,
0x0,0,0,
0x0,0,0,
0x0,0,0,
0x0,0,0,
0x0,0,0,
0x0,0,0,
0x0,0,0,
0x0,0,0,
0x0,0,0,
0x0,0,0,
0x0,0,0,
0x0,0,0,
0x0,0,0,
0x0,0,0,
0x0,0,0,
0x0,0,0,
0x0,0,0,
0x0,0,0,
0x0,0,0,
0x0,0,0,
0x0,0,0,
0x0,0,0,
0x0,0,0,
0x0,0,0,
0x0,0,0,
0x0,0,0,
0x0,0,0,
0x0,0,0,
0x0,0,0,
0x0,0,0,
0x0,0,0,
0x0,0,0,
0x0,0,0,
0x0,0,0,
0x0,0,0,
0x0,0,0,
0x0,0,0,
0x0,0,0,
0x0,0,0,
0x0,0,0,
0x0,0,0,
0x0,0,0,
0x0,0,0,
0x0,0,0,
0x0,0,0,
0x0,0,0,
0x0,0,0,
0x0,0,0,
0x0,0,0,
0x0,0,0,
0x0,0,0,
0x0,0,0,
0x0,0,0,
0x0,0,0,
0x0,0,0,
0x0,0,0,
0x0,0,0,
0x0,0,0,
0x0,0,0,
0x0,0,0,
0x0,0,0,
0x0,0,0,
0x0,0,0,
0x0,0,0,
0x0,0,0,
0x0,0,0,
0x0,0,0,
0x0,0,0,
0x0,0,0,
0x0,0,0,
0x0,0,0,
0x0,0,0,
0x0,0,0,
0x0,0,0,
0x0,0,0,
0x0,0,0,
0x0,0,0,
0x0,0,0,
0x0,0,0,
0x0,0,0,
0x0,0,0,
0x0,0,0,
0x0,0,0,
0x0,0,0,
0x0,0,0,
0x0,0,0,
0x0,0,0,
0x0,0,0,
0x0,0,0,
0x0,0,0,
0x0,0,0,
0x0,0,0,
0x0,0,0,
0x0,0,0,
0x0,0,0,
0x0,0,0,
0x0,0,0,
0x0,0,0,
0x0,0,0,
0x0,0,0,
0x0,0,0,
0x0,0,0,
0x0,0,0,
0x0,0,0,
0x0,0,0,
0x0,0,0,
0x0,0,0,
0x0,0,0,
0x0,0,0,
0x0,0,0,
0x0,0,0,
0x0,0,0,
0x0,0,0,
0x0,0,0,
0x0,0,0,
0x0,0,0,
0x0,0,0,
0x0,0,0,
0x0,0,0,
0x0,0,0,
0x0,0,0,
0x0,0,0,
0x0,0,0,
0x0,0,0,
0x0,0,0,
0x0,0,0,
0x0,0,0,
0x0,0,0,
0x0,0,0,
0x0,0,0,
0x0,0,0,
0x0,0,0,
0x0,0,0,
0x0,0,0,
0x0,0,0,
0x0,0,0,
0x0,0,0,
0x0,0,0,
0x0,0,0,
0x0,0,0,
0x0,0,0,
0x0,0,0,
0x0,0,0,
0x0,0,0,
0x0,0,0,
0x0,0,0,
0x0,0,0,
0x0,0,0,
0x0,0,0,
0x0,0,0,
0x0,0,0,
0x0,0,0,
0x0,0,0,
0x0,0,0,
0x0,0,0,
0x0,0,0,
0x0,0,0,
0x0,0,0,
0x0,0,0,
0x0,0,0,
0x0,0,0,
0x0,0,0,
0x0,0,0,
0x0,0,0,
0x0,0,0,
0x0,0,0,
0x0,0,0,
0x0,0,0,
0x0,0,0,
0x0,0,0,
0x0,0,0,
0x0,0,0,
0x0,0,0,
0x0,0,0,
0x0,0,0,
0x0,0,0,
0x0,0,0,
0x0,0,0,
0x0,0,0,
0x0,0,0,
0x0,0,0,
0x0,0,0,
0x0,0,0,
0x0,0,0,
0x0,0,0,
0x0,0,0,
0x0,0,0,
0x0,0,0,
0x0,0,0,
0x0,0,0,
0x0,0,0,
0x0,0,0,
0x0,0,0,
0x0,0,0,
0x0,0,0,
0x0,0,0,
0x0,0,0,
0x0,0,0,
0x0,0,0,
0x0,0,0,
0x0,0,0,
0x0,0,0,
0x0,0,0,
0x0,0,0,
0x0,0,0,
0x0,0,0,
0x0,0,0,
0x0,0,0,
0x0,0,0,
0x0,0,0,
0x0,0,0,
0x0,0,0,
0x0,0,0,
0x0,0,0,
0x0,0,0,
0x0,0,0,
0x0,0,0,
0x0,0,0,
0x0,0,0,
0x0,0,0,
0x0,0,0,
0x0,0,0,
0x0,0,0,
0x0,0,0,
0x0,0,0,
0x0,0,0,
0x0,0,0,
0x0,0,0,
0x0,0,0,
0x0,0,0,
0x0,0,0,
0x0,0,0,
0x0,0,0,
0x0,0,0,
0x0,0,0,
0x0,0,0,
0x0,0,0,
0x0,0,0,
0x0,0,0,
0x0,0,0,
0x0,0,0,
0x0,0,0,
0x0,0,0,
0x0,0,0,
0x0,0,0,
0x0,0,0,
0x0,0,0,
0x0,0,0,
0x0,0,0,
0x0,0,0,
0x0,0,0,
0x0,0,0,
0x0,0,0,
0x0,0,0,
0x0,0,0,
0x0,0,0,
0x0,0,0,
0x0,0,0,
0x0,0,0,
0x0,0,0,
0x0,0,0,
0x0,0,0,
0x0,0,0,
0x0,0,0,
0x0,0,0,
0x0,0,0,
0x0,0,0,
0x0,0,0,
0x0,0,0,
0x0,0,0,
0x0,0,0,
0x0,0,0,
0x0,0,0,
0x0,0,0,
0x0,0,0,
0x0,0,0,
0x0,0,0,
0x0,0,0,
0x0,0,0,
0x0,0,0,
0x0,0,0,
0x0,0,0,
0x0,0,0,
0x0,0,0,
0x0,0,0,
0x0,0,0,
0x0,0,0,
0x0,0,0,
0x0,0,0,
0x0,0,0,
0x0,0,0,
0x0,0,0,
0x0,0,0,
0x0,0,0,
0x0,0,0,
0x0,0,0,
0x0,0,0,
0x0,0,0,
0x0,0,0,
0x0,0,0,
0x0,0,0,
0x0,0,0,
0x0,0,0,
0x0,0,0,
0x0,0,0,
0x0,0,0,
0x0,0,0,
0x0,0,0,
0x0,0,0,
0x0,0,0,
0x0,0,0,
0x0,0,0,
0x0,0,0,
0x0,0,0,
0x0,0,0,
0x0,0,0,
0x0,0,0,
0x0,0,0,
0x0,0,0,
0x0,0,0,
0x0,0,0,
0x0,0,0,
0x0,0,0,
0x0,0,0,
0x0,0,0,
0x0,0,0,
0x0,0,0,
0x0,0,0,
0x0,0,0,
0x0,0,0,
0x0,0,0,
0x0,0,0,
0x0,0,0,
0x0,0,0,
0x0,0,0,
0x0,0,0,
0x0,0,0,
0x0,0,0,
0x0,0,0,
0x0,0,0,
0x0,0,0,
0x0,0,0,
0x0,0,0,
0x0,0,0,
0x0,0,0,
0x0,0,0,
0x0,0,0,
0x0,0,0,
0x0,0,0,
0x0,0,0,
0x0,0,0,
0x0,0,0,
0x0,0,0,
0x0,0,0,
0x0,0,0,
0x0,0,0,
0x0,0,0,
0x0,0,0,
0x0,0,0,
0x0,0,0,
0x0,0,0,
0x0,0,0,
0x0,0,0,
0x0,0,0,
0x0,0,0,
0x0,0,0,
0x0,0,0,
0x0,0,0,
0x0,0,0,
0x0,0,0,
0x0,0,0,
0x0,0,0,
0x0,0,0,
0x0,0,0,
0x0,0,0,
0x0,0,0,
0x0,0,0,
0x0,0,0,
0x0,0,0,
0x0,0,0,
0x0,0,0,
0x0,0,0,
0x0,0,0,
0x0,0,0,
0x0,0,0,
0x0,0,0,
0x0,0,0,
0x0,0,0,
0x0,0,0,
0x0,0,0,
0x0,0,0,
0x0,0,0,
0x0,0,0,
0x0,0,0,
0x0,0,0,
0x0,0,0,
0x0,0,0,
0x0,0,0,
0x0,0,0,
0x0,0,0,
0x0,0,0,
0x0,0,0,
0x0,0,0,
0x0,0,0,
0x0,0,0,
0x0,0,0,
0x0,0,0,
0x0,0,0,
0x0,0,0,
0x0,0,0,
0x0,0,0,
0x0,0,0,
0x0,0,0,
0x0,0,0,
0x0,0,0,
0x0,0,0,
0x0,0,0,
0x0,0,0,
0x0,0,0,
0x0,0,0,
0x0,0,0,
0x0,0,0,
0x0,0,0,
0x0,0,0,
0x0,0,0,
0x0,0,0,
0x0,0,0,
0x0,0,0,
0x0,0,0,
0x0,0,0,
0x0,0,0,
0x0,0,0,
0x0,0,0,
0x0,0,0,
0x0,0,0,
0x0,0,0,
0x0,0,0,
0x0,0,0,
0x0,0,0,
0x0,0,0,
0x0,0,0,
0x0,0,0,
0x0,0,0,
0x0,0,0,
0x0,0,0,
0x0,0,0,
0x0,0,0,
0x0,0,0,
0x0,0,0,
0x0,0,0,
0x0,0,0,
0x0,0,0,
0x0,0,0,
0x0,0,0,
0x0,0,0,
0x0,0,0,
0x0,0,0,
0x0,0,0,
0x0,0,0,
0x0,0,0,
0x0,0,0,
0x0,0,0,
0x0,0,0,
0x0,0,0,
0x0,0,0,
0x0,0,0,
0x0,0,0,
0x0,0,0,
0x0,0,0,
0x0,0,0,
0x0,0,0,
0x0,0,0,
0x0,0,0,
0x0,0,0,
0x0,0,0,
0x0,0,0,
0x0,0,0,
0x0,0,0,
0x0,0,0,
0x0,0,0,
0x0,0,0,
0x0,0,0,
0x0,0,0,
0x0,0,0,
0x0,0,0,
0x0,0,0,
0x0,0,0,
0x0,0,0,
0x0,0,0,
0x0,0,0,
0x0,0,0,
0x0,0,0,
0x0,0,0,
0x0,0,0,
0x0,0,0,
0x0,0,0,
0x0,0,0,
0x0,0,0,
0x0,0,0,
0x0,0,0,
0x0,0,0,
0x0,0,0,
0x0,0,0,
0x0,0,0,
0x0,0,0,
0x0,0,0,
0x0,0,0,
0x0,0,0,
0x0,0,0,
0x0,0,0,
0x0,0,0,
0x0,0,0,
0x0,0,0,
0x0,0,0,
0x0,0,0,
0x0,0,0,
0x0,0,0,
0x0,0,0,
0x0,0,0,
0x0,0,0,
0x0,0,0,
0x0,0,0,
0x0,0,0,
0x0,0,0,
0x0,0,0,
0x0,0,0,
0x0,0,0,
0x0,0,0,
0x0,0,0,
0x0,0,0,
0x0,0,0,
0x0,0,0,
0x0,0,0,
0x0,0,0,
0x0,0,0,
0x0,0,0,
0x0,0,0,
0x0,0,0,
0x0,0,0,
0x0,0,0,
0x0,0,0,
0x0,0,0,
0x0,0,0,
0x0,0,0,
0x0,0,0,
0x0,0,0,
0x0,0,0,
0x0,0,0,
0x0,0,0,
0x0,0,0,
0x0,0,0,
0x0,0,0,
0x0,0,0,
0x0,0,0,
0x0,0,0,
0x0,0,0,
0x0,0,0,
0x0,0,0,
0x0,0,0,
0x0,0,0,
0x0,0,0,
0x0,0,0,
0x0,0,0,
0x0,0,0,
0x0,0,0,
0x0,0,0,
0x0,0,0,
0x0,0,0,
0x0,0,0,
0x0,0,0,
0x0,0,0,
0x0,0,0,
0x0,0,0,
0x0,0,0,
0x0,0,0,
0x0,0,0,
0x0,0,0,
0x0,0,0,
0x0,0,0,
0x0,0,0,
0x0,0,0,
0x0,0,0,
0x0,0,0,
0x0,0,0,
0x0,0,0,
0x0,0,0,
0x0,0,0,
0x0,0,0,
0x0,0,0,
0x0,0,0,
0x0,0,0,
0x0,0,0,
0x0,0,0,
0x0,0,0,
0x0,0,0,
0x0,0,0,
0x0,0,0,
0x0,0,0,
0x0,0,0,
0x0,0,0,
0x0,0,0,
0x0,0,0,
0x0,0,0,
0x0,0,0,
0x0,0,0,
0x0,0,0,
0x0,0,0,
0x0,0,0,
0x0,0,0,
0x0,0,0,
0x0,0,0,
0x0,0,0,
0x0,0,0,
0x0,0,0,
0x0,0,0,
0x0,0,0,
0x0,0,0,
0x0,0,0,
0x0,0,0,
0x0,0,0,
0x0,0,0,
0x0,0,0,
0x0,0,0,
0x0,0,0,
0x0,0,0,
0x0,0,0,
0x0,0,0,
0x0,0,0,
0x0,0,0,
0x0,0,0,
0x0,0,0,
0x0,0,0,
0x0,0,0,
0x0,0,0,
0x0,0,0,
0x0,0,0,
0x0,0,0,
0x0,0,0,
0x0,0,0,
0x0,0,0,
0x0,0,0,
0x0,0,0,
0x0,0,0,
0x0,0,0,
0x0,0,0,
0x0,0,0,
0x0,0,0,
0x0,0,0,
0x0,0,0,
0x0,0,0,
0x0,0,0,
0x0,0,0,
0x0,0,0,
0x0,0,0,
0x0,0,0,
0x0,0,0,
0x0,0,0,
0x0,0,0,
0x0,0,0,
0x0,0,0,
0x0,0,0,
0x0,0,0,
0x0,0,0,
0x0,0,0,
0x0,0,0,
0x0,0,0,
0x0,0,0,
